x,y,gesture
7.651683,4.7116833,103_203_12_1_20250113_152455_doughnut_board_clueGiver_cam02.mp4_segment_1_Gesture_0.80_6.77
7.888662,9.403262,103_203_12_1_20250113_152455_doughnut_board_clueGiver_cam02.mp4_segment_2_Gesture_7.80_10.33
7.9833055,7.3224406,103_203_12_1_20250113_152455_doughnut_board_clueGiver_cam02.mp4_segment_3_Gesture_14.07_17.40
7.675891,4.671394,103_203_12_1_20250113_152455_doughnut_board_clueGiver_cam02.mp4_segment_4_Gesture_0.80_6.63
7.856062,9.37983,103_203_12_1_20250113_152455_doughnut_board_clueGiver_cam02.mp4_segment_5_Gesture_7.80_10.33
8.016121,7.2833805,103_203_12_1_20250113_152455_doughnut_board_clueGiver_cam02.mp4_segment_6_Gesture_14.00_17.40
1.4416835,6.9704604,103_203_12_1_20250113_152455_doughnut_board_guesser_cam02.mp4_segment_1_Gesture_3.07_3.67
-0.33374014,6.80549,103_203_12_1_20250113_152455_doughnut_board_guesser_cam02.mp4_segment_2_Gesture_16.47_17.40
3.0618966,2.222393,103_203_12_1_20250113_152455_doughnut_board_guesser_cam02.mp4_segment_3_Gesture_2.80_3.00
7.932062,5.217519,103_203_13_1_20250113_152513_spinach_board_clueGiver_cam02.mp4_segment_1_Gesture_8.40_9.90
7.872424,6.2851734,103_203_13_1_20250113_152513_spinach_board_clueGiver_cam02.mp4_segment_2_Gesture_11.00_17.50
7.937324,6.109201,103_203_13_1_20250113_152513_spinach_board_clueGiver_cam02.mp4_segment_3_Gesture_7.87_17.50
0.53646976,7.025475,103_203_13_1_20250113_152513_spinach_board_guesser_cam02.mp4_segment_1_Gesture_16.20_17.50
0.3080325,6.910267,103_203_13_1_20250113_152513_spinach_board_guesser_cam02.mp4_segment_2_Gesture_16.90_17.00
7.3516765,3.4893823,103_203_14_1_20250113_152536_balloon_board_clueGiver_cam02.mp4_segment_1_Gesture_0.80_2.00
7.449288,7.849282,103_203_14_1_20250113_152536_balloon_board_clueGiver_cam02.mp4_segment_2_Gesture_2.53_6.77
8.094956,7.7207375,103_203_14_1_20250113_152536_balloon_board_clueGiver_cam02.mp4_segment_3_Gesture_7.63_22.03
7.4210567,5.3874936,103_203_14_1_20250113_152536_balloon_board_clueGiver_cam02.mp4_segment_4_Gesture_0.80_6.20
7.356759,9.956407,103_203_14_1_20250113_152536_balloon_board_clueGiver_cam02.mp4_segment_5_Gesture_7.73_7.97
8.097203,7.6178274,103_203_14_1_20250113_152536_balloon_board_clueGiver_cam02.mp4_segment_6_Gesture_8.63_22.03
7.708544,6.010478,103_203_15_1_20250113_152557_bacon_board_clueGiver_cam02.mp4_segment_1_Gesture_0.80_19.37
8.823752,4.0277553,103_203_15_1_20250113_152557_bacon_board_clueGiver_cam02.mp4_segment_2_Gesture_20.00_20.47
7.773641,6.0923066,103_203_15_1_20250113_152557_bacon_board_clueGiver_cam02.mp4_segment_3_Gesture_0.80_20.47
7.3604536,3.5023723,103_203_16_1_20250113_152613_chlorine_board_clueGiver_cam02.mp4_segment_1_Gesture_0.80_2.47
7.6076083,3.2229245,103_203_16_1_20250113_152613_chlorine_board_clueGiver_cam02.mp4_segment_2_Gesture_3.33_4.47
8.218922,8.243216,103_203_16_1_20250113_152613_chlorine_board_clueGiver_cam02.mp4_segment_3_Gesture_6.70_14.40
7.3572397,3.4344165,103_203_16_1_20250113_152613_chlorine_board_clueGiver_cam02.mp4_segment_4_Gesture_0.80_4.23
7.986912,3.0466006,103_203_16_1_20250113_152613_chlorine_board_clueGiver_cam02.mp4_segment_5_Gesture_4.83_5.17
8.2328415,8.237828,103_203_16_1_20250113_152613_chlorine_board_clueGiver_cam02.mp4_segment_6_Gesture_6.27_14.43
8.182013,4.9153576,103_203_17_1_20250113_152643_leather_board_clueGiver_cam02.mp4_segment_1_Gesture_1.03_5.47
7.428178,8.555939,103_203_17_1_20250113_152643_leather_board_clueGiver_cam02.mp4_segment_2_Gesture_6.40_9.80
8.389076,5.1109505,103_203_17_1_20250113_152643_leather_board_clueGiver_cam02.mp4_segment_3_Gesture_14.07_17.37
7.2400107,8.449551,103_203_17_1_20250113_152643_leather_board_clueGiver_cam02.mp4_segment_4_Gesture_18.40_21.27
8.467745,5.9845705,103_203_17_1_20250113_152643_leather_board_clueGiver_cam02.mp4_segment_5_Gesture_22.53_29.50
7.9621515,6.319945,103_203_17_1_20250113_152643_leather_board_clueGiver_cam02.mp4_segment_6_Gesture_0.80_29.50
7.9696064,3.0664926,103_203_18_1_20250113_152657_pillow_board_clueGiver_cam02.mp4_segment_1_Gesture_0.80_1.30
5.3569984,7.9760065,103_203_18_1_20250113_152657_pillow_board_clueGiver_cam02.mp4_segment_2_Gesture_4.60_5.73
7.7451816,5.986935,103_203_18_1_20250113_152657_pillow_board_clueGiver_cam02.mp4_segment_3_Gesture_8.33_11.60
5.163056,7.7465835,103_203_18_1_20250113_152657_pillow_board_clueGiver_cam02.mp4_segment_4_Gesture_4.13_5.70
7.8423257,6.108839,103_203_18_1_20250113_152657_pillow_board_clueGiver_cam02.mp4_segment_5_Gesture_8.10_11.90
8.217308,4.26479,103_203_19_1_20250113_152712_traffic_board_clueGiver_cam02.mp4_segment_1_Gesture_9.67_14.57
8.2717705,4.2200017,103_203_19_1_20250113_152712_traffic_board_clueGiver_cam02.mp4_segment_2_Gesture_9.60_14.57
7.6469855,3.4238555,103_203_20_1_20250113_152735_bitter_board_clueGiver_cam02.mp4_segment_1_Gesture_0.80_1.97
8.246979,6.219948,103_203_20_1_20250113_152735_bitter_board_clueGiver_cam02.mp4_segment_2_Gesture_2.47_22.33
8.26213,6.2094398,103_203_20_1_20250113_152735_bitter_board_clueGiver_cam02.mp4_segment_3_Gesture_0.80_22.33
8.399179,5.513315,103_203_21_1_20250113_152824_tiger_board_clueGiver_cam02.mp4_segment_10_Gesture_16.40_18.67
8.048665,3.0745268,103_203_21_1_20250113_152824_tiger_board_clueGiver_cam02.mp4_segment_11_Gesture_19.37_19.53
8.388321,6.12019,103_203_21_1_20250113_152824_tiger_board_clueGiver_cam02.mp4_segment_12_Gesture_23.80_47.53
7.2873077,3.5330532,103_203_21_1_20250113_152824_tiger_board_clueGiver_cam02.mp4_segment_1_Gesture_0.80_3.33
8.242661,3.5413713,103_203_21_1_20250113_152824_tiger_board_clueGiver_cam02.mp4_segment_2_Gesture_9.43_10.40
1.3304427,6.128108,103_203_21_1_20250113_152824_tiger_board_clueGiver_cam02.mp4_segment_3_Gesture_11.03_11.97
8.402503,5.5319595,103_203_21_1_20250113_152824_tiger_board_clueGiver_cam02.mp4_segment_4_Gesture_16.53_18.37
8.035447,7.5928383,103_203_21_1_20250113_152824_tiger_board_clueGiver_cam02.mp4_segment_5_Gesture_24.33_27.43
9.381636,5.721322,103_203_21_1_20250113_152824_tiger_board_clueGiver_cam02.mp4_segment_6_Gesture_27.97_30.27
8.329328,6.100237,103_203_21_1_20250113_152824_tiger_board_clueGiver_cam02.mp4_segment_7_Gesture_31.17_47.53
7.3112774,3.4650977,103_203_21_1_20250113_152824_tiger_board_clueGiver_cam02.mp4_segment_8_Gesture_0.80_2.97
8.020693,3.4979448,103_203_21_1_20250113_152824_tiger_board_clueGiver_cam02.mp4_segment_9_Gesture_9.20_11.43
7.290602,10.181683,103_203_21_1_20250113_152824_tiger_board_guesser_cam02.mp4_segment_1_Gesture_33.83_36.07
7.3815393,10.15978,103_203_21_1_20250113_152824_tiger_board_guesser_cam02.mp4_segment_2_Gesture_34.70_35.50
7.9743533,8.539904,103_203_23_1_20250113_152946_trumpet_ground_clueGiver_cam02.mp4_segment_10_Gesture_13.20_18.50
8.092108,9.076122,103_203_23_1_20250113_152946_trumpet_ground_clueGiver_cam02.mp4_segment_11_Gesture_22.17_26.87
4.451605,6.998071,103_203_23_1_20250113_152946_trumpet_ground_clueGiver_cam02.mp4_segment_12_Gesture_27.50_28.57
8.237388,8.4983425,103_203_23_1_20250113_152946_trumpet_ground_clueGiver_cam02.mp4_segment_13_Gesture_29.27_33.00
8.022615,2.2497265,103_203_23_1_20250113_152946_trumpet_ground_clueGiver_cam02.mp4_segment_1_Gesture_6.77_7.47
8.103625,1.5849597,103_203_23_1_20250113_152946_trumpet_ground_clueGiver_cam02.mp4_segment_2_Gesture_8.07_10.03
7.9693294,9.573056,103_203_23_1_20250113_152946_trumpet_ground_clueGiver_cam02.mp4_segment_3_Gesture_14.20_15.47
7.783644,8.8855915,103_203_23_1_20250113_152946_trumpet_ground_clueGiver_cam02.mp4_segment_4_Gesture_16.10_18.87
7.9868307,9.292287,103_203_23_1_20250113_152946_trumpet_ground_clueGiver_cam02.mp4_segment_5_Gesture_22.23_24.10
8.195277,9.014461,103_203_23_1_20250113_152946_trumpet_ground_clueGiver_cam02.mp4_segment_6_Gesture_24.77_26.70
8.218001,8.209986,103_203_23_1_20250113_152946_trumpet_ground_clueGiver_cam02.mp4_segment_7_Gesture_27.93_33.23
7.582269,2.7963448,103_203_23_1_20250113_152946_trumpet_ground_clueGiver_cam02.mp4_segment_8_Gesture_4.30_4.83
8.072867,1.605923,103_203_23_1_20250113_152946_trumpet_ground_clueGiver_cam02.mp4_segment_9_Gesture_5.93_12.47
0.045909625,7.28445,103_203_23_1_20250113_152946_trumpet_ground_guesser_cam02.mp4_segment_1_Move_11.57_14.57
0.06941354,7.2960525,103_203_23_1_20250113_152946_trumpet_ground_guesser_cam02.mp4_segment_2_Move_15.60_18.43
0.038497273,7.3281083,103_203_23_1_20250113_152946_trumpet_ground_guesser_cam02.mp4_segment_3_Move_24.10_26.73
-0.07691482,7.3364034,103_203_23_1_20250113_152946_trumpet_ground_guesser_cam02.mp4_segment_4_Gesture_28.63_30.53
-0.43243933,6.7405095,103_203_23_1_20250113_152946_trumpet_ground_guesser_cam02.mp4_segment_5_Gesture_11.47_11.70
8.032564,1.6730685,103_203_24_1_20250113_152957_pasta_ground_clueGiver_cam02.mp4_segment_1_Gesture_2.37_2.93
8.083569,1.6099896,103_203_24_1_20250113_152957_pasta_ground_clueGiver_cam02.mp4_segment_2_Gesture_2.07_3.57
1.3526698,7.0257025,103_203_24_1_20250113_152957_pasta_ground_guesser_cam02.mp4_segment_1_Gesture_4.73_4.87
2.1581423,2.3389423,103_203_24_1_20250113_152957_pasta_ground_guesser_cam02.mp4_segment_2_Gesture_7.60_10.53
1.559774,7.1870947,103_203_24_1_20250113_152957_pasta_ground_guesser_cam02.mp4_segment_3_Gesture_4.57_4.83
2.5188208,2.5631092,103_203_24_1_20250113_152957_pasta_ground_guesser_cam02.mp4_segment_4_Gesture_6.37_10.53
5.33323,8.1132965,103_203_25_1_20250113_153028_hamster_ground_clueGiver_cam02.mp4_segment_10_Gesture_20.93_22.47
7.3461957,8.623767,103_203_25_1_20250113_153028_hamster_ground_clueGiver_cam02.mp4_segment_11_Gesture_24.80_29.37
5.17279,8.196255,103_203_25_1_20250113_153028_hamster_ground_clueGiver_cam02.mp4_segment_1_Gesture_5.23_6.03
4.7394047,8.289995,103_203_25_1_20250113_153028_hamster_ground_clueGiver_cam02.mp4_segment_2_Gesture_9.93_10.33
5.3765917,8.212438,103_203_25_1_20250113_153028_hamster_ground_clueGiver_cam02.mp4_segment_3_Gesture_11.83_29.27
6.040954,7.799071,103_203_25_1_20250113_153028_hamster_ground_clueGiver_cam02.mp4_segment_4_Gesture_4.77_5.57
4.7127156,8.179339,103_203_25_1_20250113_153028_hamster_ground_clueGiver_cam02.mp4_segment_5_Gesture_8.33_8.57
5.1988153,8.12564,103_203_25_1_20250113_153028_hamster_ground_clueGiver_cam02.mp4_segment_6_Gesture_9.63_9.97
5.0488334,8.137828,103_203_25_1_20250113_153028_hamster_ground_clueGiver_cam02.mp4_segment_7_Gesture_12.53_16.40
5.310067,8.122776,103_203_25_1_20250113_153028_hamster_ground_clueGiver_cam02.mp4_segment_8_Gesture_17.77_19.00
5.247976,8.077099,103_203_25_1_20250113_153028_hamster_ground_clueGiver_cam02.mp4_segment_9_Gesture_20.00_20.13
1.8922962,3.1699343,103_203_25_1_20250113_153028_hamster_ground_guesser_cam02.mp4_segment_1_Gesture_1.73_4.03
1.555702,3.4176128,103_203_25_1_20250113_153028_hamster_ground_guesser_cam02.mp4_segment_2_Gesture_9.30_13.90
2.265302,2.4390042,103_203_25_1_20250113_153028_hamster_ground_guesser_cam02.mp4_segment_3_Gesture_17.47_23.50
2.300826,2.3795295,103_203_25_1_20250113_153028_hamster_ground_guesser_cam02.mp4_segment_4_Gesture_24.47_26.17
1.9254259,2.4915268,103_203_25_1_20250113_153028_hamster_ground_guesser_cam02.mp4_segment_5_Gesture_27.47_29.60
1.8318179,2.72997,103_203_25_1_20250113_153028_hamster_ground_guesser_cam02.mp4_segment_6_Gesture_2.13_3.33
1.8615845,2.4809244,103_203_25_1_20250113_153028_hamster_ground_guesser_cam02.mp4_segment_7_Gesture_27.50_29.60
8.712435,7.1245193,103_203_26_1_20250113_153140_siren_ground_clueGiver_cam02.mp4_segment_10_Gesture_14.37_26.03
9.033626,9.573002,103_203_26_1_20250113_153140_siren_ground_clueGiver_cam02.mp4_segment_11_Gesture_28.93_29.73
9.109098,6.061326,103_203_26_1_20250113_153140_siren_ground_clueGiver_cam02.mp4_segment_12_Gesture_31.60_38.87
7.9053946,8.503664,103_203_26_1_20250113_153140_siren_ground_clueGiver_cam02.mp4_segment_13_Gesture_40.23_44.17
7.9665036,9.764431,103_203_26_1_20250113_153140_siren_ground_clueGiver_cam02.mp4_segment_14_Gesture_52.97_53.43
7.735182,9.79441,103_203_26_1_20250113_153140_siren_ground_clueGiver_cam02.mp4_segment_15_Gesture_54.00_56.30
8.236662,8.763241,103_203_26_1_20250113_153140_siren_ground_clueGiver_cam02.mp4_segment_16_Gesture_56.93_60.13
8.710148,7.0559483,103_203_26_1_20250113_153140_siren_ground_clueGiver_cam02.mp4_segment_17_Gesture_61.17_61.97
9.227359,5.6810923,103_203_26_1_20250113_153140_siren_ground_clueGiver_cam02.mp4_segment_18_Gesture_63.13_63.23
9.272095,5.790798,103_203_26_1_20250113_153140_siren_ground_clueGiver_cam02.mp4_segment_19_Gesture_67.40_67.57
7.989285,9.390543,103_203_26_1_20250113_153140_siren_ground_clueGiver_cam02.mp4_segment_1_Gesture_5.00_7.10
8.857165,6.539579,103_203_26_1_20250113_153140_siren_ground_clueGiver_cam02.mp4_segment_2_Gesture_7.67_25.97
8.857432,6.216671,103_203_26_1_20250113_153140_siren_ground_clueGiver_cam02.mp4_segment_3_Gesture_31.97_44.00
7.7166276,9.847996,103_203_26_1_20250113_153140_siren_ground_clueGiver_cam02.mp4_segment_4_Gesture_54.17_54.87
8.193312,8.693883,103_203_26_1_20250113_153140_siren_ground_clueGiver_cam02.mp4_segment_5_Gesture_56.03_59.30
9.060157,6.211792,103_203_26_1_20250113_153140_siren_ground_clueGiver_cam02.mp4_segment_6_Gesture_59.83_69.93
7.9525256,9.555612,103_203_26_1_20250113_153140_siren_ground_clueGiver_cam02.mp4_segment_7_Gesture_4.97_6.77
9.285842,5.9815044,103_203_26_1_20250113_153140_siren_ground_clueGiver_cam02.mp4_segment_8_Gesture_7.37_8.50
9.463741,6.0382504,103_203_26_1_20250113_153140_siren_ground_clueGiver_cam02.mp4_segment_9_Gesture_9.57_13.73
1.820797,3.482104,103_203_26_1_20250113_153140_siren_ground_guesser_cam02.mp4_segment_10_Gesture_9.83_10.13
7.000219,10.349924,103_203_26_1_20250113_153140_siren_ground_guesser_cam02.mp4_segment_11_Gesture_47.23_47.47
2.6791747,2.7558002,103_203_26_1_20250113_153140_siren_ground_guesser_cam02.mp4_segment_12_Gesture_50.63_55.43
7.207341,10.186753,103_203_26_1_20250113_153140_siren_ground_guesser_cam02.mp4_segment_13_Gesture_59.87_69.97
2.4686153,2.6994076,103_203_26_1_20250113_153140_siren_ground_guesser_cam02.mp4_segment_1_Gesture_2.10_10.70
0.13314113,7.4398546,103_203_26_1_20250113_153140_siren_ground_guesser_cam02.mp4_segment_2_Move_28.87_30.53
0.05750493,7.312518,103_203_26_1_20250113_153140_siren_ground_guesser_cam02.mp4_segment_3_Gesture_38.80_38.93
0.16536853,7.163212,103_203_26_1_20250113_153140_siren_ground_guesser_cam02.mp4_segment_4_Move_40.57_41.90
0.08574129,7.249317,103_203_26_1_20250113_153140_siren_ground_guesser_cam02.mp4_segment_5_Move_42.93_44.97
7.6212807,7.1115036,103_203_26_1_20250113_153140_siren_ground_guesser_cam02.mp4_segment_6_Gesture_46.27_56.00
7.1564527,10.125762,103_203_26_1_20250113_153140_siren_ground_guesser_cam02.mp4_segment_7_Gesture_59.87_62.20
7.190808,10.289739,103_203_26_1_20250113_153140_siren_ground_guesser_cam02.mp4_segment_8_Gesture_63.37_69.97
2.1401632,2.814896,103_203_26_1_20250113_153140_siren_ground_guesser_cam02.mp4_segment_9_Gesture_2.10_5.67
8.214334,1.4457746,103_203_27_1_20250113_153217_jungle_ground_clueGiver_cam02.mp4_segment_1_Gesture_8.90_11.27
8.294169,8.276603,103_203_27_1_20250113_153217_jungle_ground_clueGiver_cam02.mp4_segment_2_Gesture_14.03_26.80
4.508275,6.9475756,103_203_27_1_20250113_153217_jungle_ground_clueGiver_cam02.mp4_segment_3_Gesture_27.47_27.83
8.143588,1.5079001,103_203_27_1_20250113_153217_jungle_ground_clueGiver_cam02.mp4_segment_4_Gesture_3.20_4.60
8.202049,1.4905825,103_203_27_1_20250113_153217_jungle_ground_clueGiver_cam02.mp4_segment_5_Gesture_6.80_6.97
8.185999,1.3834146,103_203_27_1_20250113_153217_jungle_ground_clueGiver_cam02.mp4_segment_6_Gesture_8.47_9.97
8.12928,8.129838,103_203_27_1_20250113_153217_jungle_ground_clueGiver_cam02.mp4_segment_7_Gesture_11.37_26.27
4.3375025,7.0584264,103_203_27_1_20250113_153217_jungle_ground_clueGiver_cam02.mp4_segment_8_Gesture_27.03_27.83
1.2071267,6.015692,103_203_27_1_20250113_153217_jungle_ground_guesser_cam02.mp4_segment_1_Gesture_1.80_2.90
0.04838156,7.3361907,103_203_27_1_20250113_153217_jungle_ground_guesser_cam02.mp4_segment_2_Move_6.77_8.90
1.1945285,6.000823,103_203_27_1_20250113_153217_jungle_ground_guesser_cam02.mp4_segment_3_Gesture_1.70_2.50
7.389159,8.248671,103_203_28_1_20250113_153235_birthday_ground_clueGiver_cam02.mp4_segment_1_Gesture_1.87_2.87
8.095218,8.972932,103_203_28_1_20250113_153235_birthday_ground_clueGiver_cam02.mp4_segment_2_Gesture_5.27_13.03
5.663867,8.296647,103_203_28_1_20250113_153235_birthday_ground_clueGiver_cam02.mp4_segment_3_Gesture_14.70_16.77
7.1904387,7.5720954,103_203_28_1_20250113_153235_birthday_ground_clueGiver_cam02.mp4_segment_4_Gesture_1.20_2.80
7.939848,8.706492,103_203_28_1_20250113_153235_birthday_ground_clueGiver_cam02.mp4_segment_5_Gesture_4.90_16.33
5.149906,8.330298,103_203_29_1_20250113_153255_cherry_ground_clueGiver_cam02.mp4_segment_1_Gesture_1.83_2.57
8.38476,8.91096,103_203_29_1_20250113_153255_cherry_ground_clueGiver_cam02.mp4_segment_2_Gesture_3.93_11.73
6.8374724,8.589381,103_203_29_1_20250113_153255_cherry_ground_clueGiver_cam02.mp4_segment_3_Gesture_12.47_15.93
7.8168206,1.7969669,103_203_29_1_20250113_153255_cherry_ground_clueGiver_cam02.mp4_segment_4_Gesture_16.63_18.40
5.287563,8.305087,103_203_29_1_20250113_153255_cherry_ground_clueGiver_cam02.mp4_segment_5_Gesture_1.47_2.07
8.079631,9.332231,103_203_29_1_20250113_153255_cherry_ground_clueGiver_cam02.mp4_segment_6_Gesture_3.67_4.70
8.384595,8.807238,103_203_29_1_20250113_153255_cherry_ground_clueGiver_cam02.mp4_segment_7_Gesture_5.43_13.17
8.074859,9.5534725,103_203_29_1_20250113_153255_cherry_ground_clueGiver_cam02.mp4_segment_8_Gesture_14.80_15.07
6.1505566,3.8481362,103_203_29_1_20250113_153255_cherry_ground_clueGiver_cam02.mp4_segment_9_Gesture_15.77_18.57
2.0972755,2.5394084,103_203_29_1_20250113_153255_cherry_ground_guesser_cam02.mp4_segment_1_Gesture_2.13_4.20
2.3365767,2.3161614,103_203_29_1_20250113_153255_cherry_ground_guesser_cam02.mp4_segment_2_Gesture_2.13_3.63
1.4613914,7.0404,103_203_29_1_20250113_153255_cherry_ground_guesser_cam02.mp4_segment_3_Gesture_6.63_6.87
6.104627,4.030079,103_203_30_1_20250113_153310_exam_ground_clueGiver_cam02.mp4_segment_1_Gesture_9.20_10.40
8.170458,1.4939091,103_203_30_1_20250113_153310_exam_ground_clueGiver_cam02.mp4_segment_2_Gesture_1.50_1.73
8.243468,1.4121637,103_203_30_1_20250113_153310_exam_ground_clueGiver_cam02.mp4_segment_3_Gesture_3.63_4.73
8.192652,1.4586029,103_203_30_1_20250113_153310_exam_ground_clueGiver_cam02.mp4_segment_4_Gesture_6.77_7.07
7.9955688,7.378494,103_203_30_1_20250113_153310_exam_ground_clueGiver_cam02.mp4_segment_5_Gesture_8.43_10.07
7.800284,2.4981468,103_203_30_1_20250113_153310_exam_ground_clueGiver_cam02.mp4_segment_6_Gesture_13.07_13.33
0.08521085,7.303116,103_203_30_1_20250113_153310_exam_ground_guesser_cam02.mp4_segment_1_Move_0.80_1.03
0.053971153,7.3237762,103_203_30_1_20250113_153310_exam_ground_guesser_cam02.mp4_segment_2_Move_1.80_9.37
9.150405,6.209681,103_203_31_1_20250113_153333_flower_ground_clueGiver_cam02.mp4_segment_1_Gesture_4.67_11.60
7.104264,8.710328,103_203_31_1_20250113_153333_flower_ground_clueGiver_cam02.mp4_segment_2_Gesture_12.33_13.23
8.255608,8.51925,103_203_31_1_20250113_153333_flower_ground_clueGiver_cam02.mp4_segment_3_Gesture_17.93_21.70
8.004819,9.160243,103_203_31_1_20250113_153333_flower_ground_clueGiver_cam02.mp4_segment_4_Gesture_4.33_5.00
9.248829,5.933713,103_203_31_1_20250113_153333_flower_ground_clueGiver_cam02.mp4_segment_5_Gesture_5.67_9.57
7.3843784,8.511241,103_203_31_1_20250113_153333_flower_ground_clueGiver_cam02.mp4_segment_6_Gesture_10.30_14.27
8.054177,9.078963,103_203_31_1_20250113_153333_flower_ground_clueGiver_cam02.mp4_segment_7_Gesture_15.70_18.23
8.435441,9.503793,103_203_31_1_20250113_153333_flower_ground_clueGiver_cam02.mp4_segment_8_Gesture_19.00_19.67
6.112689,3.939621,103_203_31_1_20250113_153333_flower_ground_clueGiver_cam02.mp4_segment_9_Gesture_20.23_21.87
4.223383,7.9441915,103_203_32_1_20250113_153341_coffee_ground_clueGiver_cam02.mp4_segment_1_Gesture_5.60_6.63
4.6255827,7.506459,103_203_32_1_20250113_153341_coffee_ground_clueGiver_cam02.mp4_segment_2_Gesture_5.27_6.07
-0.04747525,7.36378,103_203_32_1_20250113_153341_coffee_ground_guesser_cam02.mp4_segment_1_Move_1.23_1.57
-0.018772826,7.372869,103_203_32_1_20250113_153341_coffee_ground_guesser_cam02.mp4_segment_2_Move_3.17_4.57
-0.083600745,7.321687,103_203_32_1_20250113_153341_coffee_ground_guesser_cam02.mp4_segment_3_Move_5.53_6.73
6.567532,3.2045348,103_203_34_1_20250113_153427_picture_ground_clueGiver_cam02.mp4_segment_1_Gesture_0.90_1.87
6.9372783,8.700252,103_203_34_1_20250113_153427_picture_ground_clueGiver_cam02.mp4_segment_2_Gesture_7.00_8.57
6.814986,9.0545225,103_203_34_1_20250113_153427_picture_ground_clueGiver_cam02.mp4_segment_3_Gesture_9.50_11.00
6.7476788,9.075518,103_203_34_1_20250113_153427_picture_ground_clueGiver_cam02.mp4_segment_4_Gesture_11.90_13.10
5.904888,9.250168,103_203_34_1_20250113_153427_picture_ground_clueGiver_cam02.mp4_segment_5_Gesture_15.33_16.70
6.737208,8.844894,103_203_34_1_20250113_153427_picture_ground_clueGiver_cam02.mp4_segment_6_Gesture_19.80_21.30
6.6307096,3.20594,103_203_34_1_20250113_153427_picture_ground_clueGiver_cam02.mp4_segment_7_Gesture_0.80_1.27
7.201471,8.355948,103_203_34_1_20250113_153427_picture_ground_clueGiver_cam02.mp4_segment_8_Gesture_6.80_12.67
6.49118,8.986763,103_203_34_1_20250113_153427_picture_ground_clueGiver_cam02.mp4_segment_9_Gesture_13.33_21.30
6.2393203,3.7289033,103_203_35_1_20250113_153443_yellow_ground_clueGiver_cam02.mp4_segment_10_Gesture_13.33_15.10
6.625955,3.1849482,103_203_35_1_20250113_153443_yellow_ground_clueGiver_cam02.mp4_segment_1_Gesture_0.80_1.87
1.2244424,6.0855994,103_203_35_1_20250113_153443_yellow_ground_clueGiver_cam02.mp4_segment_2_Gesture_2.87_3.70
6.6576967,9.67646,103_203_35_1_20250113_153443_yellow_ground_clueGiver_cam02.mp4_segment_3_Gesture_5.13_9.97
6.974213,10.284524,103_203_35_1_20250113_153443_yellow_ground_clueGiver_cam02.mp4_segment_4_Gesture_11.67_12.50
6.3659353,3.6084535,103_203_35_1_20250113_153443_yellow_ground_clueGiver_cam02.mp4_segment_5_Gesture_13.70_15.10
6.537893,3.0157113,103_203_35_1_20250113_153443_yellow_ground_clueGiver_cam02.mp4_segment_6_Gesture_0.97_1.30
1.241096,6.056403,103_203_35_1_20250113_153443_yellow_ground_clueGiver_cam02.mp4_segment_7_Gesture_2.90_3.30
6.6881323,9.5394125,103_203_35_1_20250113_153443_yellow_ground_clueGiver_cam02.mp4_segment_8_Gesture_5.37_9.80
7.2134204,10.071983,103_203_35_1_20250113_153443_yellow_ground_clueGiver_cam02.mp4_segment_9_Gesture_10.47_12.00
1.5110161,6.8593707,103_203_35_1_20250113_153443_yellow_ground_guesser_cam02.mp4_segment_1_Gesture_2.40_3.10
3.1680431,2.2697003,103_203_35_1_20250113_153443_yellow_ground_guesser_cam02.mp4_segment_2_Gesture_2.27_2.43
6.8000355,3.3817427,103_203_36_1_20250113_153454_flannel_ground_clueGiver_cam02.mp4_segment_1_Gesture_1.27_9.50
7.9115973,7.343406,103_203_37_1_20250113_153517_movie_ground_clueGiver_cam02.mp4_segment_10_Gesture_17.13_22.03
7.314696,4.600794,103_203_37_1_20250113_153517_movie_ground_clueGiver_cam02.mp4_segment_1_Gesture_0.80_8.00
9.018387,4.320798,103_203_37_1_20250113_153517_movie_ground_clueGiver_cam02.mp4_segment_2_Gesture_8.70_9.30
7.9656415,7.6234627,103_203_37_1_20250113_153517_movie_ground_clueGiver_cam02.mp4_segment_3_Gesture_9.93_22.20
7.3637395,7.8555927,103_203_37_1_20250113_153517_movie_ground_clueGiver_cam02.mp4_segment_4_Gesture_6.77_7.53
9.0569105,4.3200307,103_203_37_1_20250113_153517_movie_ground_clueGiver_cam02.mp4_segment_5_Gesture_8.63_9.20
7.866667,4.6492915,103_203_37_1_20250113_153517_movie_ground_clueGiver_cam02.mp4_segment_6_Gesture_9.73_12.17
7.589528,9.873739,103_203_37_1_20250113_153517_movie_ground_clueGiver_cam02.mp4_segment_7_Gesture_12.90_14.10
8.077557,9.59722,103_203_37_1_20250113_153517_movie_ground_clueGiver_cam02.mp4_segment_8_Gesture_15.27_15.40
8.050753,9.575293,103_203_37_1_20250113_153517_movie_ground_clueGiver_cam02.mp4_segment_9_Gesture_16.00_16.40
7.1832304,4.2204604,103_203_38_1_20250113_153528_puppy_ground_clueGiver_cam02.mp4_segment_1_Gesture_1.40_6.50
7.558425,7.039227,103_203_38_1_20250113_153528_puppy_ground_clueGiver_cam02.mp4_segment_2_Gesture_9.00_11.13
7.2043557,3.7637763,103_203_38_1_20250113_153528_puppy_ground_clueGiver_cam02.mp4_segment_3_Gesture_1.43_4.63
7.7276964,5.51047,103_203_38_1_20250113_153528_puppy_ground_clueGiver_cam02.mp4_segment_4_Gesture_5.20_7.03
7.7062426,7.0044155,103_203_38_1_20250113_153528_puppy_ground_clueGiver_cam02.mp4_segment_5_Gesture_8.50_10.83
7.5362206,4.875337,103_203_39_1_20250113_153540_muscle_ground_clueGiver_cam02.mp4_segment_1_Gesture_1.53_6.40
7.9062552,7.2656765,103_203_39_1_20250113_153540_muscle_ground_clueGiver_cam02.mp4_segment_2_Gesture_8.27_10.70
7.765178,6.87181,103_203_39_1_20250113_153540_muscle_ground_clueGiver_cam02.mp4_segment_3_Gesture_3.70_4.73
8.990414,9.633242,103_203_39_1_20250113_153540_muscle_ground_clueGiver_cam02.mp4_segment_4_Gesture_5.53_5.83
7.8450756,7.212177,103_203_39_1_20250113_153540_muscle_ground_clueGiver_cam02.mp4_segment_5_Gesture_8.50_10.70
6.7319126,3.1022725,103_203_40_1_20250113_153555_beauty_ground_clueGiver_cam02.mp4_segment_1_Gesture_0.80_1.00
7.4981103,5.158029,103_203_40_1_20250113_153555_beauty_ground_clueGiver_cam02.mp4_segment_2_Gesture_1.93_11.03
6.4468236,3.4795644,103_203_40_1_20250113_153555_beauty_ground_clueGiver_cam02.mp4_segment_3_Gesture_12.10_13.43
7.427124,7.951731,103_203_40_1_20250113_153555_beauty_ground_clueGiver_cam02.mp4_segment_4_Gesture_7.00_10.73
6.1474547,3.8518155,103_203_40_1_20250113_153555_beauty_ground_clueGiver_cam02.mp4_segment_5_Gesture_11.83_13.43
0.61703634,7.0453496,103_203_40_1_20250113_153555_beauty_ground_guesser_cam02.mp4_segment_1_Gesture_3.13_4.67
0.30010268,6.9181075,103_203_40_1_20250113_153555_beauty_ground_guesser_cam02.mp4_segment_2_Gesture_3.80_3.90
6.636986,3.268995,103_203_41_1_20250113_153604_sugar_ground_clueGiver_cam02.mp4_segment_1_Gesture_0.80_4.13
7.0851216,3.4718928,103_203_41_1_20250113_153604_sugar_ground_clueGiver_cam02.mp4_segment_2_Gesture_6.20_9.00
6.690816,3.2680233,103_203_41_1_20250113_153604_sugar_ground_clueGiver_cam02.mp4_segment_3_Gesture_0.80_2.00
7.0787816,3.2956812,103_203_41_1_20250113_153604_sugar_ground_clueGiver_cam02.mp4_segment_4_Gesture_6.10_6.73
6.9464927,3.4653006,103_203_41_1_20250113_153604_sugar_ground_clueGiver_cam02.mp4_segment_5_Gesture_7.63_9.00
6.667513,3.281359,103_203_42_1_20250113_153614_sushi_ground_clueGiver_cam02.mp4_segment_1_Gesture_4.10_8.23
6.3984447,2.8850265,103_203_42_1_20250113_153614_sushi_ground_clueGiver_cam02.mp4_segment_2_Gesture_1.53_1.70
6.8505807,3.3099208,103_203_42_1_20250113_153614_sushi_ground_clueGiver_cam02.mp4_segment_3_Gesture_7.03_8.83
0.6595078,7.078476,103_203_42_1_20250113_153614_sushi_ground_guesser_cam02.mp4_segment_1_Gesture_4.13_5.43
6.5575767,3.1709743,103_203_43_1_20250113_153626_gravy_ground_clueGiver_cam02.mp4_segment_1_Gesture_1.30_2.63
7.3557534,8.465038,103_203_43_1_20250113_153626_gravy_ground_clueGiver_cam02.mp4_segment_2_Gesture_5.10_7.57
6.5389714,3.3957922,103_203_43_1_20250113_153626_gravy_ground_clueGiver_cam02.mp4_segment_3_Gesture_9.80_10.63
7.2232294,8.362847,103_203_43_1_20250113_153626_gravy_ground_clueGiver_cam02.mp4_segment_4_Gesture_5.07_7.53
6.440038,3.4850447,103_203_43_1_20250113_153626_gravy_ground_clueGiver_cam02.mp4_segment_5_Gesture_9.47_10.63
8.897586,5.985789,103_203_45_1_20250113_153745_walnut_board_clueGiver_cam02.mp4_segment_1_Gesture_5.27_32.03
8.862002,5.694899,103_203_45_1_20250113_153745_walnut_board_clueGiver_cam02.mp4_segment_2_Gesture_34.17_40.30
7.814723,2.7127566,103_203_45_1_20250113_153745_walnut_board_clueGiver_cam02.mp4_segment_3_Gesture_1.60_2.37
8.868481,5.697252,103_203_45_1_20250113_153745_walnut_board_clueGiver_cam02.mp4_segment_4_Gesture_4.43_10.57
8.852807,6.059229,103_203_45_1_20250113_153745_walnut_board_clueGiver_cam02.mp4_segment_5_Gesture_11.10_31.17
9.165862,5.8899937,103_203_45_1_20250113_153745_walnut_board_clueGiver_cam02.mp4_segment_6_Gesture_34.20_37.47
9.225224,5.7220316,103_203_45_1_20250113_153745_walnut_board_clueGiver_cam02.mp4_segment_7_Gesture_38.07_38.20
8.307586,3.6271446,103_203_45_1_20250113_153745_walnut_board_clueGiver_cam02.mp4_segment_8_Gesture_39.00_40.53
2.008276,2.8865557,103_203_45_1_20250113_153745_walnut_board_guesser_cam02.mp4_segment_1_Gesture_0.80_15.10
1.8969275,2.8202102,103_203_45_1_20250113_153745_walnut_board_guesser_cam02.mp4_segment_2_Gesture_16.43_27.40
1.702742,3.12326,103_203_45_1_20250113_153745_walnut_board_guesser_cam02.mp4_segment_3_Gesture_39.83_40.07
1.9744816,3.0841334,103_203_45_1_20250113_153745_walnut_board_guesser_cam02.mp4_segment_4_Gesture_1.03_2.03
1.9642434,3.2414906,103_203_45_1_20250113_153745_walnut_board_guesser_cam02.mp4_segment_5_Gesture_3.30_5.13
2.024346,2.5230336,103_203_45_1_20250113_153745_walnut_board_guesser_cam02.mp4_segment_6_Gesture_12.53_13.73
1.5264045,3.366625,103_203_45_1_20250113_153745_walnut_board_guesser_cam02.mp4_segment_7_Gesture_14.47_14.83
1.8537177,2.7539415,103_203_45_1_20250113_153745_walnut_board_guesser_cam02.mp4_segment_8_Gesture_24.73_26.83
8.105658,3.2988358,103_203_46_1_20250113_153759_blanket_board_clueGiver_cam02.mp4_segment_1_Gesture_0.80_1.87
7.7878222,8.215511,103_203_46_1_20250113_153759_blanket_board_clueGiver_cam02.mp4_segment_2_Gesture_3.53_9.93
8.214216,3.3644137,103_203_46_1_20250113_153759_blanket_board_clueGiver_cam02.mp4_segment_3_Gesture_11.17_12.20
7.9132037,3.0185633,103_203_46_1_20250113_153759_blanket_board_clueGiver_cam02.mp4_segment_4_Gesture_0.80_3.50
7.8774414,8.3015,103_203_46_1_20250113_153759_blanket_board_clueGiver_cam02.mp4_segment_5_Gesture_4.03_9.37
8.209373,3.4631724,103_203_46_1_20250113_153759_blanket_board_clueGiver_cam02.mp4_segment_6_Gesture_11.07_12.77
2.5504415,2.664881,103_203_46_1_20250113_153759_blanket_board_guesser_cam02.mp4_segment_1_Gesture_0.80_5.00
2.2626054,2.854433,103_203_46_1_20250113_153759_blanket_board_guesser_cam02.mp4_segment_2_Gesture_6.17_8.73
6.2147384,2.9840589,103_203_46_1_20250113_153759_blanket_board_guesser_cam02.mp4_segment_3_Gesture_1.03_1.20
2.0639641,2.7256775,103_203_46_1_20250113_153759_blanket_board_guesser_cam02.mp4_segment_4_Gesture_6.67_8.17
7.456979,2.9720955,103_203_47_1_20250113_153811_soda_board_clueGiver_cam02.mp4_segment_1_Gesture_0.80_4.67
8.679283,5.525203,103_203_47_1_20250113_153811_soda_board_clueGiver_cam02.mp4_segment_2_Gesture_5.30_8.93
8.385575,4.979974,103_203_47_1_20250113_153811_soda_board_clueGiver_cam02.mp4_segment_3_Gesture_1.80_10.07
1.003944,6.214544,103_203_47_1_20250113_153811_soda_board_guesser_cam02.mp4_segment_1_Gesture_0.97_8.33
-0.6177279,6.624433,103_203_47_1_20250113_153811_soda_board_guesser_cam02.mp4_segment_2_Gesture_10.30_10.53
0.8278116,6.255222,103_203_47_1_20250113_153811_soda_board_guesser_cam02.mp4_segment_3_Gesture_2.90_3.47
-0.510562,6.731374,103_203_47_1_20250113_153811_soda_board_guesser_cam02.mp4_segment_4_Gesture_4.47_4.60
-0.62253666,6.6188083,103_203_47_1_20250113_153811_soda_board_guesser_cam02.mp4_segment_5_Gesture_6.47_6.63
-0.5017551,6.708669,103_203_47_1_20250113_153811_soda_board_guesser_cam02.mp4_segment_6_Gesture_7.67_7.90
8.493258,6.397417,103_203_48_1_20250113_153828_hunger_board_clueGiver_cam02.mp4_segment_1_Gesture_3.70_12.23
4.147105,8.274186,103_203_48_1_20250113_153828_hunger_board_clueGiver_cam02.mp4_segment_2_Gesture_13.13_15.43
8.249546,4.729338,103_203_48_1_20250113_153828_hunger_board_clueGiver_cam02.mp4_segment_3_Gesture_3.27_4.53
8.561551,5.093752,103_203_48_1_20250113_153828_hunger_board_clueGiver_cam02.mp4_segment_4_Gesture_5.53_5.93
7.894852,8.44062,103_203_48_1_20250113_153828_hunger_board_clueGiver_cam02.mp4_segment_5_Gesture_8.33_14.03
3.621538,7.497155,103_203_48_1_20250113_153828_hunger_board_clueGiver_cam02.mp4_segment_6_Gesture_14.87_15.43
-0.6506215,6.6327777,103_203_48_1_20250113_153828_hunger_board_guesser_cam02.mp4_segment_1_Gesture_0.80_3.30
-0.5289035,6.58642,103_203_48_1_20250113_153828_hunger_board_guesser_cam02.mp4_segment_2_Gesture_4.57_10.03
-0.6431534,6.6481695,103_203_48_1_20250113_153828_hunger_board_guesser_cam02.mp4_segment_3_Gesture_12.80_15.43
-0.6424034,6.564752,103_203_48_1_20250113_153828_hunger_board_guesser_cam02.mp4_segment_4_Gesture_0.90_1.77
-0.5174875,6.718623,103_203_48_1_20250113_153828_hunger_board_guesser_cam02.mp4_segment_5_Gesture_2.53_2.87
-0.5737747,6.5904927,103_203_48_1_20250113_153828_hunger_board_guesser_cam02.mp4_segment_6_Gesture_4.27_7.50
-0.66490656,6.5472145,103_203_48_1_20250113_153828_hunger_board_guesser_cam02.mp4_segment_7_Gesture_8.20_9.67
7.9818444,5.2269683,103_203_49_1_20250113_153839_christmas_board_clueGiver_cam02.mp4_segment_1_Gesture_0.80_10.33
7.9855003,5.2409415,103_203_49_1_20250113_153839_christmas_board_clueGiver_cam02.mp4_segment_2_Gesture_0.80_10.33
1.906619,3.0161083,103_203_49_1_20250113_153839_christmas_board_guesser_cam02.mp4_segment_1_Gesture_0.80_3.47
1.9620177,2.5680616,103_203_49_1_20250113_153839_christmas_board_guesser_cam02.mp4_segment_2_Gesture_4.17_10.37
2.2096584,2.818059,103_203_49_1_20250113_153839_christmas_board_guesser_cam02.mp4_segment_3_Gesture_0.80_2.33
1.8993356,2.5273092,103_203_49_1_20250113_153839_christmas_board_guesser_cam02.mp4_segment_4_Gesture_6.87_10.37
8.703236,6.094564,103_203_50_1_20250113_153852_butter_board_clueGiver_cam02.mp4_segment_1_Gesture_4.87_11.23
8.431255,5.687215,103_203_50_1_20250113_153852_butter_board_clueGiver_cam02.mp4_segment_2_Gesture_0.83_11.40
8.058969,2.6461334,103_203_50_1_20250113_153852_butter_board_clueGiver_cam02.mp4_segment_3_Gesture_12.10_12.30
2.811244,2.5975947,103_203_50_1_20250113_153852_butter_board_guesser_cam02.mp4_segment_1_Gesture_0.80_4.80
2.7362866,2.1611648,103_203_50_1_20250113_153852_butter_board_guesser_cam02.mp4_segment_2_Gesture_1.20_1.80
8.150967,1.6826712,103_203_51_1_20250113_153926_cologne_board_clueGiver_cam02.mp4_segment_1_Gesture_3.90_4.27
8.758145,5.911996,103_203_51_1_20250113_153926_cologne_board_clueGiver_cam02.mp4_segment_2_Gesture_7.27_31.40
8.639948,5.9370446,103_203_51_1_20250113_153926_cologne_board_clueGiver_cam02.mp4_segment_3_Gesture_1.60_32.43
2.2614636,2.947847,103_203_51_1_20250113_153926_cologne_board_guesser_cam02.mp4_segment_1_Gesture_1.23_2.40
1.929624,2.3282328,103_203_51_1_20250113_153926_cologne_board_guesser_cam02.mp4_segment_2_Gesture_1.23_1.83
8.684745,5.541472,103_203_52_1_20250113_154037_zipper_board_clueGiver_cam02.mp4_segment_10_Gesture_17.97_39.37
8.709948,6.087789,103_203_52_1_20250113_154037_zipper_board_clueGiver_cam02.mp4_segment_11_Gesture_39.93_55.07
8.649957,5.324332,103_203_52_1_20250113_154037_zipper_board_clueGiver_cam02.mp4_segment_12_Gesture_56.63_61.80
8.090984,2.732248,103_203_52_1_20250113_154037_zipper_board_clueGiver_cam02.mp4_segment_13_Gesture_63.63_63.77
8.149442,2.7935514,103_203_52_1_20250113_154037_zipper_board_clueGiver_cam02.mp4_segment_14_Gesture_65.70_65.83
8.203341,2.8375473,103_203_52_1_20250113_154037_zipper_board_clueGiver_cam02.mp4_segment_15_Gesture_66.47_67.10
8.1301565,2.7345345,103_203_52_1_20250113_154037_zipper_board_clueGiver_cam02.mp4_segment_16_Gesture_68.20_69.73
7.94648,2.6238337,103_203_52_1_20250113_154037_zipper_board_clueGiver_cam02.mp4_segment_1_Gesture_1.97_2.27
8.640079,5.9039445,103_203_52_1_20250113_154037_zipper_board_clueGiver_cam02.mp4_segment_2_Gesture_4.23_34.20
8.519706,5.9920483,103_203_52_1_20250113_154037_zipper_board_clueGiver_cam02.mp4_segment_3_Gesture_34.93_55.70
8.568999,5.1780376,103_203_52_1_20250113_154037_zipper_board_clueGiver_cam02.mp4_segment_4_Gesture_57.10_63.53
8.207599,2.7562332,103_203_52_1_20250113_154037_zipper_board_clueGiver_cam02.mp4_segment_5_Gesture_64.07_64.47
8.214245,2.7515588,103_203_52_1_20250113_154037_zipper_board_clueGiver_cam02.mp4_segment_6_Gesture_66.23_66.93
7.7538905,2.550134,103_203_52_1_20250113_154037_zipper_board_clueGiver_cam02.mp4_segment_7_Gesture_2.77_3.10
8.138413,4.636167,103_203_52_1_20250113_154037_zipper_board_clueGiver_cam02.mp4_segment_8_Gesture_3.97_5.63
8.669943,6.01457,103_203_52_1_20250113_154037_zipper_board_clueGiver_cam02.mp4_segment_9_Gesture_6.70_16.97
2.6747434,2.2049475,103_203_52_1_20250113_154037_zipper_board_guesser_cam02.mp4_segment_10_Gesture_32.50_33.43
7.1539917,10.043458,103_203_52_1_20250113_154037_zipper_board_guesser_cam02.mp4_segment_11_Gesture_36.40_42.63
2.6220922,2.520377,103_203_52_1_20250113_154037_zipper_board_guesser_cam02.mp4_segment_1_Gesture_2.23_3.87
1.551707,3.395677,103_203_52_1_20250113_154037_zipper_board_guesser_cam02.mp4_segment_2_Gesture_18.43_19.10
1.5304801,3.418666,103_203_52_1_20250113_154037_zipper_board_guesser_cam02.mp4_segment_3_Gesture_19.90_21.67
1.4889365,3.4411628,103_203_52_1_20250113_154037_zipper_board_guesser_cam02.mp4_segment_4_Gesture_24.37_25.73
2.5872388,2.625411,103_203_52_1_20250113_154037_zipper_board_guesser_cam02.mp4_segment_5_Gesture_32.13_38.83
7.1620765,10.163904,103_203_52_1_20250113_154037_zipper_board_guesser_cam02.mp4_segment_6_Gesture_39.43_42.93
7.9663243,1.5767534,103_203_52_1_20250113_154037_zipper_board_guesser_cam02.mp4_segment_7_Move_57.37_57.53
2.6187406,2.5676887,103_203_52_1_20250113_154037_zipper_board_guesser_cam02.mp4_segment_8_Gesture_1.93_3.20
1.5431331,3.4162986,103_203_52_1_20250113_154037_zipper_board_guesser_cam02.mp4_segment_9_Gesture_18.80_18.93
8.666243,5.4308376,103_203_53_1_20250113_154055_river_board_clueGiver_cam02.mp4_segment_1_Gesture_2.43_7.97
8.632248,5.4089637,103_203_53_1_20250113_154055_river_board_clueGiver_cam02.mp4_segment_2_Gesture_1.27_7.70
1.1918457,5.940568,103_203_53_1_20250113_154055_river_board_guesser_cam02.mp4_segment_1_Gesture_0.80_2.50
1.1931874,5.9743896,103_203_53_1_20250113_154055_river_board_guesser_cam02.mp4_segment_2_Gesture_1.10_2.13
7.558791,4.937618,103_203_54_1_20250113_154107_music_board_clueGiver_cam02.mp4_segment_1_Gesture_0.80_4.37
8.802983,5.4293547,103_203_54_1_20250113_154107_music_board_clueGiver_cam02.mp4_segment_2_Gesture_8.07_10.77
7.5672803,4.7730427,103_203_54_1_20250113_154107_music_board_clueGiver_cam02.mp4_segment_3_Gesture_1.10_3.60
8.40558,7.298857,103_203_54_1_20250113_154107_music_board_clueGiver_cam02.mp4_segment_4_Gesture_6.63_9.00
8.769924,5.352724,103_203_54_1_20250113_154107_music_board_clueGiver_cam02.mp4_segment_5_Gesture_9.67_10.57
8.240863,3.3688486,108_208_12_1_20250114_162456_flower_ground_clueGiver_cam02.mp4_segment_1_Gesture_4.07_4.67
7.136727,8.431239,108_208_12_1_20250114_162456_flower_ground_clueGiver_cam02.mp4_segment_2_Gesture_6.07_7.03
7.177572,9.088339,108_208_12_1_20250114_162456_flower_ground_clueGiver_cam02.mp4_segment_3_Gesture_9.93_12.73
8.291353,3.5074174,108_208_12_1_20250114_162456_flower_ground_clueGiver_cam02.mp4_segment_4_Gesture_3.83_4.17
8.220023,3.1850183,108_208_12_1_20250114_162456_flower_ground_clueGiver_cam02.mp4_segment_5_Gesture_4.77_4.90
7.201639,7.8788433,108_208_12_1_20250114_162456_flower_ground_clueGiver_cam02.mp4_segment_6_Gesture_5.93_6.50
7.1433535,9.019206,108_208_12_1_20250114_162456_flower_ground_clueGiver_cam02.mp4_segment_7_Gesture_9.90_12.93
5.89755,9.336537,108_208_13_1_20250114_162512_traffic_ground_clueGiver_cam02.mp4_segment_1_Gesture_2.97_3.97
7.5133963,9.084958,108_208_13_1_20250114_162512_traffic_ground_clueGiver_cam02.mp4_segment_2_Gesture_4.57_7.20
8.228726,9.498526,108_208_13_1_20250114_162512_traffic_ground_clueGiver_cam02.mp4_segment_3_Gesture_7.73_9.40
6.1381845,8.986787,108_208_13_1_20250114_162512_traffic_ground_clueGiver_cam02.mp4_segment_4_Gesture_10.17_13.37
4.1745634,7.4073834,108_208_13_1_20250114_162512_traffic_ground_clueGiver_cam02.mp4_segment_5_Move_14.43_14.57
5.5847325,9.325096,108_208_13_1_20250114_162512_traffic_ground_clueGiver_cam02.mp4_segment_6_Gesture_3.10_3.37
6.6422663,9.453067,108_208_13_1_20250114_162512_traffic_ground_clueGiver_cam02.mp4_segment_7_Gesture_4.17_4.73
7.2584343,9.0716505,108_208_13_1_20250114_162512_traffic_ground_clueGiver_cam02.mp4_segment_8_Gesture_5.27_6.53
7.885245,8.772522,108_208_13_1_20250114_162512_traffic_ground_clueGiver_cam02.mp4_segment_9_Gesture_7.50_14.30
4.01271,8.083378,108_208_14_1_20250114_162535_zipper_ground_clueGiver_cam02.mp4_segment_1_Move_1.60_3.10
4.2007675,8.364681,108_208_14_1_20250114_162535_zipper_ground_clueGiver_cam02.mp4_segment_2_Gesture_6.40_9.60
7.721888,2.7628345,108_208_14_1_20250114_162535_zipper_ground_clueGiver_cam02.mp4_segment_3_Gesture_14.37_16.20
7.16972,5.69936,108_208_14_1_20250114_162535_zipper_ground_clueGiver_cam02.mp4_segment_4_Move_17.83_21.20
4.3987074,8.258525,108_208_14_1_20250114_162535_zipper_ground_clueGiver_cam02.mp4_segment_5_Gesture_6.17_8.53
7.4158564,2.9681985,108_208_14_1_20250114_162535_zipper_ground_clueGiver_cam02.mp4_segment_6_Gesture_14.30_15.60
8.208713,4.3736005,108_208_14_1_20250114_162535_zipper_ground_clueGiver_cam02.mp4_segment_7_Gesture_17.17_18.23
7.039173,5.922863,108_208_14_1_20250114_162535_zipper_ground_clueGiver_cam02.mp4_segment_8_Gesture_18.93_21.07
4.9265084,8.419382,108_208_15_1_20250114_162542_gravy_ground_clueGiver_cam02.mp4_segment_1_Gesture_2.83_3.23
4.8870125,8.273022,108_208_15_1_20250114_162542_gravy_ground_clueGiver_cam02.mp4_segment_2_Gesture_2.40_3.10
5.433753,8.662853,108_208_15_1_20250114_162542_gravy_ground_clueGiver_cam02.mp4_segment_3_Gesture_3.80_4.37
6.1918507,9.446803,108_208_16_1_20250114_162559_siren_ground_clueGiver_cam02.mp4_segment_1_Gesture_7.93_9.53
5.645613,9.172233,108_208_16_1_20250114_162559_siren_ground_clueGiver_cam02.mp4_segment_2_Gesture_12.67_15.87
6.494125,9.381966,108_208_16_1_20250114_162559_siren_ground_clueGiver_cam02.mp4_segment_3_Gesture_7.73_9.27
4.540502,8.403383,108_208_16_1_20250114_162559_siren_ground_clueGiver_cam02.mp4_segment_4_Gesture_14.30_14.73
3.4547071,8.5101595,108_208_17_1_20250114_162610_cherry_ground_clueGiver_cam02.mp4_segment_1_Move_0.80_1.63
4.2646947,8.050619,108_208_17_1_20250114_162610_cherry_ground_clueGiver_cam02.mp4_segment_2_Move_2.97_3.80
6.3563867,8.978435,108_208_17_1_20250114_162610_cherry_ground_clueGiver_cam02.mp4_segment_3_Gesture_4.97_7.90
4.509866,8.288431,108_208_17_1_20250114_162610_cherry_ground_clueGiver_cam02.mp4_segment_4_Move_8.50_9.57
4.730373,8.052797,108_208_17_1_20250114_162610_cherry_ground_clueGiver_cam02.mp4_segment_5_Gesture_2.83_3.30
6.4404244,9.053216,108_208_17_1_20250114_162610_cherry_ground_clueGiver_cam02.mp4_segment_6_Gesture_4.80_7.37
4.565546,8.067591,108_208_18_1_20250114_162618_coffee_ground_clueGiver_cam02.mp4_segment_1_Gesture_3.63_3.80
6.8921704,10.260453,108_208_19_1_20250114_162700_cologne_ground_clueGiver_cam02.mp4_segment_10_Gesture_20.77_20.90
5.5803685,9.582431,108_208_19_1_20250114_162700_cologne_ground_clueGiver_cam02.mp4_segment_11_Gesture_33.20_33.57
4.774517,8.443783,108_208_19_1_20250114_162700_cologne_ground_clueGiver_cam02.mp4_segment_12_Gesture_39.47_40.27
6.3210735,8.971103,108_208_19_1_20250114_162700_cologne_ground_clueGiver_cam02.mp4_segment_1_Gesture_7.00_8.23
6.691573,8.266381,108_208_19_1_20250114_162700_cologne_ground_clueGiver_cam02.mp4_segment_2_Gesture_13.40_15.37
6.869372,10.141185,108_208_19_1_20250114_162700_cologne_ground_clueGiver_cam02.mp4_segment_3_Gesture_20.93_22.00
5.4031167,9.432552,108_208_19_1_20250114_162700_cologne_ground_clueGiver_cam02.mp4_segment_4_Gesture_33.17_34.17
5.500841,9.358541,108_208_19_1_20250114_162700_cologne_ground_clueGiver_cam02.mp4_segment_5_Gesture_37.77_38.63
4.9349804,8.473649,108_208_19_1_20250114_162700_cologne_ground_clueGiver_cam02.mp4_segment_6_Gesture_3.93_4.03
6.233587,9.095288,108_208_19_1_20250114_162700_cologne_ground_clueGiver_cam02.mp4_segment_7_Gesture_5.77_8.53
4.786677,8.719642,108_208_19_1_20250114_162700_cologne_ground_clueGiver_cam02.mp4_segment_8_Gesture_9.97_10.10
6.660609,8.326939,108_208_19_1_20250114_162700_cologne_ground_clueGiver_cam02.mp4_segment_9_Gesture_13.33_15.37
2.9283268,2.4593632,108_208_19_1_20250114_162700_cologne_ground_guesser_cam02.mp4_segment_1_Gesture_17.10_20.53
1.9290546,2.3518512,108_208_19_1_20250114_162700_cologne_ground_guesser_cam02.mp4_segment_2_Gesture_16.97_17.63
1.4224315,6.9172196,108_208_19_1_20250114_162700_cologne_ground_guesser_cam02.mp4_segment_3_Gesture_24.60_24.73
6.2879057,9.363897,108_208_20_1_20250114_162723_bitter_ground_clueGiver_cam02.mp4_segment_1_Gesture_2.97_4.93
6.325496,9.692034,108_208_20_1_20250114_162723_bitter_ground_clueGiver_cam02.mp4_segment_2_Gesture_6.50_9.63
4.427424,8.23587,108_208_20_1_20250114_162723_bitter_ground_clueGiver_cam02.mp4_segment_3_Gesture_20.40_21.73
5.022227,8.82182,108_208_20_1_20250114_162723_bitter_ground_clueGiver_cam02.mp4_segment_4_Gesture_2.40_2.90
6.273096,9.147858,108_208_20_1_20250114_162723_bitter_ground_clueGiver_cam02.mp4_segment_5_Gesture_3.73_6.27
6.321839,9.996346,108_208_20_1_20250114_162723_bitter_ground_clueGiver_cam02.mp4_segment_6_Gesture_9.30_9.57
4.8784213,8.630418,108_208_20_1_20250114_162723_bitter_ground_clueGiver_cam02.mp4_segment_7_Gesture_20.27_20.63
2.3951015,2.7569215,108_208_20_1_20250114_162723_bitter_ground_guesser_cam02.mp4_segment_1_Gesture_2.13_2.90
2.5226066,2.331898,108_208_20_1_20250114_162723_bitter_ground_guesser_cam02.mp4_segment_2_Gesture_2.23_2.40
4.29856,7.898381,108_208_21_1_20250114_162731_sugar_ground_clueGiver_cam02.mp4_segment_1_Gesture_3.17_3.73
4.549207,8.625856,108_208_21_1_20250114_162731_sugar_ground_clueGiver_cam02.mp4_segment_2_Gesture_4.33_4.90
4.1351,7.9087973,108_208_21_1_20250114_162731_sugar_ground_clueGiver_cam02.mp4_segment_3_Gesture_5.73_6.63
4.371823,7.933587,108_208_21_1_20250114_162731_sugar_ground_clueGiver_cam02.mp4_segment_4_Gesture_2.90_3.50
4.145298,8.289843,108_208_21_1_20250114_162731_sugar_ground_clueGiver_cam02.mp4_segment_5_Gesture_4.07_6.50
8.264826,3.5335038,108_208_23_1_20250114_162817_tiger_ground_guesser_cam02.mp4_segment_1_Move_17.57_17.73
-0.1059054,7.2408686,108_208_25_1_20250114_162844_puppy_ground_guesser_cam02.mp4_segment_1_Move_6.57_7.50
0.5717581,6.7949066,108_208_25_1_20250114_162844_puppy_ground_guesser_cam02.mp4_segment_2_Gesture_6.10_6.20
0.60261583,7.059054,108_208_25_1_20250114_162844_puppy_ground_guesser_cam02.mp4_segment_3_Gesture_7.30_7.40
3.876229,8.819263,108_208_26_1_20250114_162904_hamster_ground_clueGiver_cam02.mp4_segment_1_Gesture_2.63_6.73
3.8049076,8.983184,108_208_26_1_20250114_162904_hamster_ground_clueGiver_cam02.mp4_segment_2_Gesture_7.83_9.23
3.73737,8.593661,108_208_26_1_20250114_162904_hamster_ground_clueGiver_cam02.mp4_segment_3_Move_10.10_15.13
3.5231538,8.792546,108_208_26_1_20250114_162904_hamster_ground_clueGiver_cam02.mp4_segment_4_Gesture_16.03_16.80
3.5025086,7.6622705,108_208_26_1_20250114_162904_hamster_ground_clueGiver_cam02.mp4_segment_5_Gesture_18.00_18.27
5.222441,9.398858,108_208_26_1_20250114_162904_hamster_ground_clueGiver_cam02.mp4_segment_6_Gesture_2.43_3.10
4.001394,7.9040155,108_208_26_1_20250114_162904_hamster_ground_clueGiver_cam02.mp4_segment_7_Gesture_10.13_10.73
3.9040465,7.222702,108_208_26_1_20250114_162904_hamster_ground_clueGiver_cam02.mp4_segment_8_Gesture_18.10_18.23
3.5001628,8.569403,108_208_27_1_20250114_162936_bacon_ground_clueGiver_cam02.mp4_segment_1_Gesture_8.93_10.83
3.2479122,8.713076,108_208_27_1_20250114_162936_bacon_ground_clueGiver_cam02.mp4_segment_2_Gesture_11.43_12.27
5.3070474,9.231808,108_208_27_1_20250114_162936_bacon_ground_clueGiver_cam02.mp4_segment_3_Gesture_27.57_30.37
3.4434316,7.6843953,108_208_27_1_20250114_162936_bacon_ground_clueGiver_cam02.mp4_segment_4_Gesture_4.17_5.03
3.400575,8.639774,108_208_27_1_20250114_162936_bacon_ground_clueGiver_cam02.mp4_segment_5_Gesture_9.37_9.83
5.17567,9.404704,108_208_27_1_20250114_162936_bacon_ground_clueGiver_cam02.mp4_segment_6_Gesture_27.23_29.43
3.7990625,7.337068,108_208_27_1_20250114_162936_bacon_ground_clueGiver_cam02.mp4_segment_7_Gesture_30.37_30.77
6.9990287,4.433227,108_208_28_1_20250114_162956_river_ground_clueGiver_cam02.mp4_segment_1_Gesture_15.10_17.80
6.966278,4.0429606,108_208_28_1_20250114_162956_river_ground_clueGiver_cam02.mp4_segment_2_Gesture_14.83_17.40
5.480655,9.664401,108_208_28_1_20250114_162956_river_ground_clueGiver_cam02.mp4_segment_3_Gesture_18.03_18.20
2.2411408,3.0107994,108_208_28_1_20250114_162956_river_ground_guesser_cam02.mp4_segment_1_Gesture_0.80_3.03
0.7815917,6.926613,108_208_28_1_20250114_162956_river_ground_guesser_cam02.mp4_segment_2_Gesture_5.83_8.17
2.4447412,3.227293,108_208_28_1_20250114_162956_river_ground_guesser_cam02.mp4_segment_3_Gesture_1.63_1.73
2.519977,3.1013694,108_208_28_1_20250114_162956_river_ground_guesser_cam02.mp4_segment_4_Gesture_2.27_2.40
0.6192665,6.783206,108_208_28_1_20250114_162956_river_ground_guesser_cam02.mp4_segment_5_Gesture_5.47_5.63
0.7995769,6.91771,108_208_28_1_20250114_162956_river_ground_guesser_cam02.mp4_segment_6_Gesture_6.83_7.60
3.3640432,8.719271,108_208_29_1_20250114_163011_walnut_ground_clueGiver_cam02.mp4_segment_1_Gesture_4.63_6.37
5.9127426,9.455947,108_208_29_1_20250114_163011_walnut_ground_clueGiver_cam02.mp4_segment_2_Gesture_11.03_13.97
3.5689325,9.068402,108_208_29_1_20250114_163011_walnut_ground_clueGiver_cam02.mp4_segment_3_Gesture_4.50_5.03
5.7651873,9.453104,108_208_29_1_20250114_163011_walnut_ground_clueGiver_cam02.mp4_segment_4_Gesture_10.53_11.40
4.86536,9.260522,108_208_29_1_20250114_163011_walnut_ground_clueGiver_cam02.mp4_segment_5_Gesture_13.07_13.37
4.731477,8.553447,108_208_30_1_20250114_163024_butter_ground_clueGiver_cam02.mp4_segment_1_Gesture_10.90_11.30
6.8144097,2.9984221,108_208_32_1_20250114_163057_chlorine_ground_clueGiver_cam02.mp4_segment_1_Gesture_5.87_6.47
6.296848,3.1608539,108_208_32_1_20250114_163057_chlorine_ground_clueGiver_cam02.mp4_segment_2_Gesture_16.03_19.87
3.9775972,9.016736,108_208_32_1_20250114_163057_chlorine_ground_clueGiver_cam02.mp4_segment_3_Gesture_20.73_23.13
6.7891493,2.941458,108_208_32_1_20250114_163057_chlorine_ground_clueGiver_cam02.mp4_segment_4_Gesture_5.40_7.17
6.14082,3.20042,108_208_32_1_20250114_163057_chlorine_ground_clueGiver_cam02.mp4_segment_5_Gesture_16.10_18.87
3.7482202,8.959572,108_208_32_1_20250114_163057_chlorine_ground_clueGiver_cam02.mp4_segment_6_Gesture_20.17_21.47
5.7278914,7.751505,108_208_34_1_20250114_163148_movie_board_clueGiver_cam02.mp4_segment_1_Gesture_4.43_6.23
5.818225,9.131621,108_208_34_1_20250114_163148_movie_board_clueGiver_cam02.mp4_segment_2_Gesture_7.27_10.03
6.197501,8.34065,108_208_34_1_20250114_163148_movie_board_clueGiver_cam02.mp4_segment_3_Gesture_4.00_9.50
2.9156485,2.4133623,108_208_34_1_20250114_163148_movie_board_guesser_cam02.mp4_segment_1_Gesture_1.27_5.23
2.925823,2.3781755,108_208_34_1_20250114_163148_movie_board_guesser_cam02.mp4_segment_2_Gesture_5.90_9.40
2.9168801,2.3131526,108_208_34_1_20250114_163148_movie_board_guesser_cam02.mp4_segment_3_Gesture_10.13_11.13
4.3226066,8.302811,108_208_35_1_20250114_163156_pasta_board_clueGiver_cam02.mp4_segment_1_Gesture_3.23_6.43
4.407956,8.350897,108_208_35_1_20250114_163156_pasta_board_clueGiver_cam02.mp4_segment_2_Gesture_2.77_6.30
2.8302372,2.5289235,108_208_35_1_20250114_163156_pasta_board_guesser_cam02.mp4_segment_1_Gesture_0.80_2.13
3.0011213,2.2093024,108_208_35_1_20250114_163156_pasta_board_guesser_cam02.mp4_segment_2_Gesture_1.43_1.53
6.9825273,8.656138,108_208_36_1_20250114_163248_balloon_board_clueGiver_cam02.mp4_segment_10_Gesture_4.03_9.47
7.704343,3.2741942,108_208_36_1_20250114_163248_balloon_board_clueGiver_cam02.mp4_segment_11_Gesture_10.33_11.63
6.6426926,8.666843,108_208_36_1_20250114_163248_balloon_board_clueGiver_cam02.mp4_segment_12_Gesture_12.57_13.93
7.834978,8.440683,108_208_36_1_20250114_163248_balloon_board_clueGiver_cam02.mp4_segment_13_Gesture_14.87_17.47
7.0870824,8.297217,108_208_36_1_20250114_163248_balloon_board_clueGiver_cam02.mp4_segment_14_Gesture_19.80_25.50
7.0309343,8.894918,108_208_36_1_20250114_163248_balloon_board_clueGiver_cam02.mp4_segment_15_Gesture_26.13_27.67
6.6586385,8.690995,108_208_36_1_20250114_163248_balloon_board_clueGiver_cam02.mp4_segment_16_Gesture_28.97_30.47
4.7990227,8.776994,108_208_36_1_20250114_163248_balloon_board_clueGiver_cam02.mp4_segment_17_Gesture_32.90_33.13
5.06738,9.063029,108_208_36_1_20250114_163248_balloon_board_clueGiver_cam02.mp4_segment_18_Gesture_33.83_34.57
5.57697,9.688336,108_208_36_1_20250114_163248_balloon_board_clueGiver_cam02.mp4_segment_19_Gesture_42.13_42.57
6.7818756,8.577024,108_208_36_1_20250114_163248_balloon_board_clueGiver_cam02.mp4_segment_1_Gesture_5.23_9.37
6.587638,8.746893,108_208_36_1_20250114_163248_balloon_board_clueGiver_cam02.mp4_segment_20_Gesture_43.37_49.97
7.4253273,7.931075,108_208_36_1_20250114_163248_balloon_board_clueGiver_cam02.mp4_segment_2_Gesture_10.47_16.97
6.8547935,8.299804,108_208_36_1_20250114_163248_balloon_board_clueGiver_cam02.mp4_segment_3_Gesture_20.70_24.47
6.511081,9.828754,108_208_36_1_20250114_163248_balloon_board_clueGiver_cam02.mp4_segment_4_Gesture_25.33_25.47
6.831742,8.595108,108_208_36_1_20250114_163248_balloon_board_clueGiver_cam02.mp4_segment_5_Gesture_26.13_30.53
5.0026116,9.104203,108_208_36_1_20250114_163248_balloon_board_clueGiver_cam02.mp4_segment_6_Gesture_33.00_35.00
3.969119,8.720063,108_208_36_1_20250114_163248_balloon_board_clueGiver_cam02.mp4_segment_7_Gesture_41.93_45.17
6.9724474,9.950712,108_208_36_1_20250114_163248_balloon_board_clueGiver_cam02.mp4_segment_8_Gesture_46.53_46.70
6.606223,8.16438,108_208_36_1_20250114_163248_balloon_board_clueGiver_cam02.mp4_segment_9_Gesture_47.37_50.10
6.9436145,10.420193,108_208_36_1_20250114_163248_balloon_board_guesser_cam02.mp4_segment_1_Gesture_37.57_38.13
6.9690742,10.338173,108_208_36_1_20250114_163248_balloon_board_guesser_cam02.mp4_segment_2_Gesture_43.70_44.13
8.759787,8.390055,108_208_37_1_20250114_163259_muscle_board_clueGiver_cam02.mp4_segment_1_Gesture_1.87_5.63
5.891662,9.1514015,108_208_37_1_20250114_163259_muscle_board_clueGiver_cam02.mp4_segment_2_Gesture_6.80_8.17
5.084698,8.921997,108_208_37_1_20250114_163259_muscle_board_clueGiver_cam02.mp4_segment_3_Gesture_1.30_1.53
9.766274,6.2320824,108_208_37_1_20250114_163259_muscle_board_clueGiver_cam02.mp4_segment_4_Gesture_2.70_4.53
8.88977,9.722788,108_208_37_1_20250114_163259_muscle_board_clueGiver_cam02.mp4_segment_5_Gesture_5.13_5.27
7.379038,9.009361,108_208_38_1_20250114_163310_birthday_board_clueGiver_cam02.mp4_segment_1_Gesture_2.10_5.87
6.461459,8.1995,108_208_38_1_20250114_163310_birthday_board_clueGiver_cam02.mp4_segment_2_Gesture_6.80_10.47
5.8472714,8.883532,108_208_38_1_20250114_163310_birthday_board_clueGiver_cam02.mp4_segment_3_Gesture_1.80_4.13
8.355379,9.689741,108_208_38_1_20250114_163310_birthday_board_clueGiver_cam02.mp4_segment_4_Gesture_5.30_5.40
6.4103985,8.208713,108_208_38_1_20250114_163310_birthday_board_clueGiver_cam02.mp4_segment_5_Gesture_6.70_10.13
6.1833906,9.029186,108_208_39_1_20250114_163319_beauty_board_clueGiver_cam02.mp4_segment_1_Gesture_4.77_5.70
4.5073633,8.135031,108_208_39_1_20250114_163319_beauty_board_clueGiver_cam02.mp4_segment_2_Gesture_6.97_7.80
6.2528806,8.766354,108_208_39_1_20250114_163319_beauty_board_clueGiver_cam02.mp4_segment_3_Gesture_4.33_7.23
6.6533594,8.136679,108_208_40_1_20250114_163328_christmas_board_clueGiver_cam02.mp4_segment_1_Gesture_3.53_6.70
4.5686083,8.237596,108_208_40_1_20250114_163328_christmas_board_clueGiver_cam02.mp4_segment_2_Gesture_2.17_2.63
6.5427947,8.088753,108_208_40_1_20250114_163328_christmas_board_clueGiver_cam02.mp4_segment_3_Gesture_3.17_6.53
4.915738,8.654136,108_208_41_1_20250114_163344_trumpet_board_clueGiver_cam02.mp4_segment_1_Gesture_12.20_12.37
4.219356,7.920066,108_208_41_1_20250114_163344_trumpet_board_clueGiver_cam02.mp4_segment_2_Gesture_0.80_2.37
4.8428345,8.4808655,108_208_41_1_20250114_163344_trumpet_board_clueGiver_cam02.mp4_segment_3_Gesture_8.10_8.30
6.382868,8.488815,108_208_42_1_20250114_163352_music_board_clueGiver_cam02.mp4_segment_1_Gesture_3.97_6.43
6.481192,8.617083,108_208_42_1_20250114_163352_music_board_clueGiver_cam02.mp4_segment_2_Gesture_2.83_5.90
6.368763,8.673258,108_208_43_1_20250114_163408_hunger_board_clueGiver_cam02.mp4_segment_1_Gesture_3.03_4.70
5.9112487,9.041074,108_208_43_1_20250114_163408_hunger_board_clueGiver_cam02.mp4_segment_2_Gesture_5.90_7.80
6.142357,8.528693,108_208_43_1_20250114_163408_hunger_board_clueGiver_cam02.mp4_segment_3_Gesture_8.90_14.83
6.2842875,8.742972,108_208_43_1_20250114_163408_hunger_board_clueGiver_cam02.mp4_segment_4_Gesture_2.67_7.23
6.253367,8.23798,108_208_43_1_20250114_163408_hunger_board_clueGiver_cam02.mp4_segment_5_Gesture_8.23_12.00
5.7014318,9.23939,108_208_43_1_20250114_163408_hunger_board_clueGiver_cam02.mp4_segment_6_Gesture_13.27_14.23
6.9211874,4.7063174,108_208_45_1_20250114_163506_sushi_board_clueGiver_cam02.mp4_segment_1_Gesture_0.80_11.30
7.48355,7.054326,108_208_45_1_20250114_163506_sushi_board_clueGiver_cam02.mp4_segment_2_Gesture_12.30_14.33
6.632699,4.581056,108_208_45_1_20250114_163506_sushi_board_clueGiver_cam02.mp4_segment_3_Gesture_14.93_20.60
6.836845,4.4681973,108_208_45_1_20250114_163506_sushi_board_clueGiver_cam02.mp4_segment_4_Gesture_0.80_7.23
6.449068,4.800995,108_208_45_1_20250114_163506_sushi_board_clueGiver_cam02.mp4_segment_5_Gesture_7.83_12.50
7.4323,2.3981743,108_208_45_1_20250114_163506_sushi_board_clueGiver_cam02.mp4_segment_6_Gesture_13.63_13.80
6.7008266,4.4302187,108_208_45_1_20250114_163506_sushi_board_clueGiver_cam02.mp4_segment_7_Gesture_14.70_19.73
9.160493,4.3795247,108_208_45_1_20250114_163506_sushi_board_guesser_cam02.mp4_segment_1_Gesture_15.57_16.20
2.922951,2.1099148,108_208_45_1_20250114_163506_sushi_board_guesser_cam02.mp4_segment_2_Gesture_17.17_17.53
9.080568,4.415913,108_208_45_1_20250114_163506_sushi_board_guesser_cam02.mp4_segment_3_Gesture_15.40_15.73
8.214323,3.5280442,108_208_45_1_20250114_163506_sushi_board_guesser_cam02.mp4_segment_4_Gesture_16.50_16.77
3.4462092,8.732775,108_208_46_1_20250114_163523_jungle_board_clueGiver_cam02.mp4_segment_1_Gesture_0.80_1.93
6.512761,4.7322545,108_208_46_1_20250114_163523_jungle_board_clueGiver_cam02.mp4_segment_2_Gesture_3.90_11.97
3.7606785,8.926998,108_208_46_1_20250114_163523_jungle_board_clueGiver_cam02.mp4_segment_3_Gesture_15.13_16.37
6.503542,4.7346306,108_208_46_1_20250114_163523_jungle_board_clueGiver_cam02.mp4_segment_4_Gesture_3.90_10.73
4.770697,9.0586195,108_208_46_1_20250114_163523_jungle_board_clueGiver_cam02.mp4_segment_5_Gesture_11.50_11.63
2.9123118,2.3784986,108_208_46_1_20250114_163523_jungle_board_guesser_cam02.mp4_segment_1_Gesture_3.40_10.23
2.9975786,2.202552,108_208_46_1_20250114_163523_jungle_board_guesser_cam02.mp4_segment_2_Gesture_12.13_13.27
3.5307052,8.721791,108_208_47_1_20250114_163536_yellow_board_clueGiver_cam02.mp4_segment_1_Gesture_0.80_3.00
3.6042626,8.886205,108_208_47_1_20250114_163536_yellow_board_clueGiver_cam02.mp4_segment_2_Gesture_3.60_4.73
3.2699652,8.355128,108_208_47_1_20250114_163536_yellow_board_clueGiver_cam02.mp4_segment_3_Gesture_5.33_5.57
6.455691,4.72448,108_208_47_1_20250114_163536_yellow_board_clueGiver_cam02.mp4_segment_4_Gesture_6.63_10.20
3.3243184,8.771084,108_208_47_1_20250114_163536_yellow_board_clueGiver_cam02.mp4_segment_5_Gesture_1.57_2.23
6.4846435,4.735161,108_208_47_1_20250114_163536_yellow_board_clueGiver_cam02.mp4_segment_6_Gesture_6.43_9.87
6.9796605,2.5130012,108_208_47_1_20250114_163536_yellow_board_clueGiver_cam02.mp4_segment_7_Gesture_11.50_11.63
2.551316,2.539611,108_208_47_1_20250114_163536_yellow_board_guesser_cam02.mp4_segment_1_Gesture_0.80_11.63
7.233525,6.593729,108_208_48_1_20250114_163634_flannel_board_clueGiver_cam02.mp4_segment_10_Gesture_25.97_39.50
5.381945,9.570349,108_208_48_1_20250114_163634_flannel_board_clueGiver_cam02.mp4_segment_11_Gesture_40.47_41.03
5.1675296,9.452961,108_208_48_1_20250114_163634_flannel_board_clueGiver_cam02.mp4_segment_12_Gesture_41.77_42.17
6.5155034,3.6273654,108_208_48_1_20250114_163634_flannel_board_clueGiver_cam02.mp4_segment_13_Gesture_42.70_46.23
3.0328956,8.599669,108_208_48_1_20250114_163634_flannel_board_clueGiver_cam02.mp4_segment_14_Gesture_48.27_48.37
3.340464,7.858006,108_208_48_1_20250114_163634_flannel_board_clueGiver_cam02.mp4_segment_1_Gesture_11.07_12.70
3.7106915,8.518536,108_208_48_1_20250114_163634_flannel_board_clueGiver_cam02.mp4_segment_2_Gesture_14.57_20.03
7.335635,6.608353,108_208_48_1_20250114_163634_flannel_board_clueGiver_cam02.mp4_segment_3_Gesture_26.13_45.47
3.0634692,8.644323,108_208_48_1_20250114_163634_flannel_board_clueGiver_cam02.mp4_segment_4_Gesture_46.53_47.47
3.3322215,8.026935,108_208_48_1_20250114_163634_flannel_board_clueGiver_cam02.mp4_segment_5_Gesture_10.97_12.23
3.644704,8.810581,108_208_48_1_20250114_163634_flannel_board_clueGiver_cam02.mp4_segment_6_Gesture_14.10_15.23
3.639843,8.578198,108_208_48_1_20250114_163634_flannel_board_clueGiver_cam02.mp4_segment_7_Gesture_15.77_18.00
6.568742,2.6501231,108_208_48_1_20250114_163634_flannel_board_clueGiver_cam02.mp4_segment_8_Gesture_18.63_19.33
7.205245,2.4721084,108_208_48_1_20250114_163634_flannel_board_clueGiver_cam02.mp4_segment_9_Gesture_20.30_20.50
2.5217674,2.2641063,108_208_48_1_20250114_163634_flannel_board_guesser_cam02.mp4_segment_1_Gesture_0.80_2.73
2.1196935,2.57272,108_208_48_1_20250114_163634_flannel_board_guesser_cam02.mp4_segment_2_Gesture_3.83_13.27
9.149559,4.376917,108_208_48_1_20250114_163634_flannel_board_guesser_cam02.mp4_segment_3_Gesture_20.03_20.97
9.174165,4.3395743,108_208_48_1_20250114_163634_flannel_board_guesser_cam02.mp4_segment_4_Gesture_25.70_27.87
2.3158329,2.5560324,108_208_48_1_20250114_163634_flannel_board_guesser_cam02.mp4_segment_5_Gesture_9.10_10.77
9.149813,4.4088216,108_208_48_1_20250114_163634_flannel_board_guesser_cam02.mp4_segment_6_Gesture_12.93_13.07
9.170092,4.325864,108_208_48_1_20250114_163634_flannel_board_guesser_cam02.mp4_segment_7_Gesture_25.17_25.30
9.173922,4.349661,108_208_48_1_20250114_163634_flannel_board_guesser_cam02.mp4_segment_8_Gesture_51.30_51.90
2.8567626,2.4169059,108_208_49_1_20250114_163641_doughnut_board_guesser_cam02.mp4_segment_1_Gesture_0.93_1.73
3.4513876,8.899284,108_208_50_1_20250114_163655_picture_board_clueGiver_cam02.mp4_segment_1_Gesture_0.80_0.97
4.082565,7.3439803,108_208_50_1_20250114_163655_picture_board_clueGiver_cam02.mp4_segment_2_Move_9.17_9.90
3.4405715,8.775388,108_208_50_1_20250114_163655_picture_board_clueGiver_cam02.mp4_segment_3_Gesture_12.13_12.87
4.2327843,7.409925,108_208_50_1_20250114_163655_picture_board_clueGiver_cam02.mp4_segment_4_Gesture_9.13_11.33
7.2722697,2.696533,108_208_51_1_20250114_163806_spinach_board_clueGiver_cam02.mp4_segment_10_Gesture_57.17_57.33
3.974362,8.4775,108_208_51_1_20250114_163806_spinach_board_clueGiver_cam02.mp4_segment_11_Gesture_60.17_62.20
6.7448163,3.500457,108_208_51_1_20250114_163806_spinach_board_clueGiver_cam02.mp4_segment_12_Gesture_66.17_69.93
3.2802417,8.667508,108_208_51_1_20250114_163806_spinach_board_clueGiver_cam02.mp4_segment_13_Gesture_1.07_1.17
7.9740915,1.7181016,108_208_51_1_20250114_163806_spinach_board_clueGiver_cam02.mp4_segment_14_Gesture_18.00_18.20
6.3109946,2.7447045,108_208_51_1_20250114_163806_spinach_board_clueGiver_cam02.mp4_segment_15_Gesture_21.27_22.30
7.7517967,2.6421657,108_208_51_1_20250114_163806_spinach_board_clueGiver_cam02.mp4_segment_16_Gesture_26.30_26.47
6.5984836,4.383952,108_208_51_1_20250114_163806_spinach_board_clueGiver_cam02.mp4_segment_17_Gesture_29.70_34.87
6.55645,8.11442,108_208_51_1_20250114_163806_spinach_board_clueGiver_cam02.mp4_segment_18_Gesture_38.00_39.70
3.5678065,9.002588,108_208_51_1_20250114_163806_spinach_board_clueGiver_cam02.mp4_segment_19_Gesture_45.80_46.30
3.3606937,8.602036,108_208_51_1_20250114_163806_spinach_board_clueGiver_cam02.mp4_segment_1_Gesture_0.80_1.63
3.9261837,8.442203,108_208_51_1_20250114_163806_spinach_board_clueGiver_cam02.mp4_segment_20_Gesture_49.73_52.53
7.2056727,2.6947138,108_208_51_1_20250114_163806_spinach_board_clueGiver_cam02.mp4_segment_21_Gesture_53.87_55.10
8.037859,3.1944358,108_208_51_1_20250114_163806_spinach_board_clueGiver_cam02.mp4_segment_22_Gesture_57.90_58.40
6.8189797,3.0041173,108_208_51_1_20250114_163806_spinach_board_clueGiver_cam02.mp4_segment_23_Gesture_58.97_59.07
4.074245,8.652324,108_208_51_1_20250114_163806_spinach_board_clueGiver_cam02.mp4_segment_24_Gesture_59.93_61.70
6.743454,3.525805,108_208_51_1_20250114_163806_spinach_board_clueGiver_cam02.mp4_segment_25_Gesture_65.93_69.93
3.3472757,8.4587755,108_208_51_1_20250114_163806_spinach_board_clueGiver_cam02.mp4_segment_2_Gesture_2.87_3.47
6.3613896,2.6726136,108_208_51_1_20250114_163806_spinach_board_clueGiver_cam02.mp4_segment_3_Gesture_21.77_22.30
6.571707,4.520803,108_208_51_1_20250114_163806_spinach_board_clueGiver_cam02.mp4_segment_4_Gesture_30.30_35.50
6.060115,4.110082,108_208_51_1_20250114_163806_spinach_board_clueGiver_cam02.mp4_segment_5_Gesture_38.53_40.23
3.6449888,9.054125,108_208_51_1_20250114_163806_spinach_board_clueGiver_cam02.mp4_segment_6_Gesture_46.33_47.10
3.7610338,8.985427,108_208_51_1_20250114_163806_spinach_board_clueGiver_cam02.mp4_segment_7_Gesture_48.27_48.90
4.00069,8.394006,108_208_51_1_20250114_163806_spinach_board_clueGiver_cam02.mp4_segment_8_Gesture_49.57_53.07
7.2495704,2.652775,108_208_51_1_20250114_163806_spinach_board_clueGiver_cam02.mp4_segment_9_Gesture_54.43_55.90
1.2660697,6.6920447,108_208_51_1_20250114_163806_spinach_board_guesser_cam02.mp4_segment_1_Gesture_27.57_27.67
1.2150367,6.6387043,108_208_51_1_20250114_163806_spinach_board_guesser_cam02.mp4_segment_2_Gesture_34.00_35.63
1.3321127,6.659874,108_208_51_1_20250114_163806_spinach_board_guesser_cam02.mp4_segment_3_Gesture_39.47_40.87
1.2174839,5.9740415,108_208_51_1_20250114_163806_spinach_board_guesser_cam02.mp4_segment_4_Gesture_42.97_45.43
0.0922081,7.253244,108_208_51_1_20250114_163806_spinach_board_guesser_cam02.mp4_segment_5_Gesture_51.47_51.80
0.17116782,7.1888204,108_208_51_1_20250114_163806_spinach_board_guesser_cam02.mp4_segment_6_Gesture_60.37_60.60
0.5520554,6.730637,108_208_51_1_20250114_163806_spinach_board_guesser_cam02.mp4_segment_7_Gesture_44.37_44.63
3.8669133,9.029852,108_208_52_1_20250114_163842_blanket_board_clueGiver_cam02.mp4_segment_1_Gesture_0.80_2.17
4.1305757,9.342861,108_208_52_1_20250114_163842_blanket_board_guesser_cam02.mp4_segment_1_Gesture_1.03_1.73
6.962545,10.418945,108_208_53_1_20250114_163852_pillow_board_clueGiver_cam02.mp4_segment_1_Move_3.43_3.97
3.5863354,7.5865283,108_208_53_1_20250114_163852_pillow_board_clueGiver_cam02.mp4_segment_2_Gesture_8.17_8.87
2.5325267,2.979055,108_208_53_1_20250114_163852_pillow_board_guesser_cam02.mp4_segment_1_Gesture_1.53_4.00
2.3970609,3.0486588,108_208_53_1_20250114_163852_pillow_board_guesser_cam02.mp4_segment_2_Gesture_5.50_9.00
2.4453392,3.2942157,108_208_53_1_20250114_163852_pillow_board_guesser_cam02.mp4_segment_3_Gesture_3.03_3.50
6.6493764,4.495882,108_208_54_1_20250114_163903_soda_board_clueGiver_cam02.mp4_segment_1_Gesture_0.80_3.90
4.2373,9.343767,108_208_54_1_20250114_163903_soda_board_clueGiver_cam02.mp4_segment_2_Gesture_7.50_8.07
3.5278811,8.1951275,108_208_54_1_20250114_163903_soda_board_clueGiver_cam02.mp4_segment_3_Gesture_9.10_9.87
6.628733,4.400944,108_208_54_1_20250114_163903_soda_board_clueGiver_cam02.mp4_segment_4_Gesture_0.80_3.33
3.875644,7.262168,116_216_13_1_20250116_102527_traffic_board_clueGiver_cam02.mp4_segment_2_Gesture_2.43_2.53
-0.22844787,6.338804,preparation_103_203_1_clueGiver_cam02.mp4_segment_1_Gesture_16.77_17.03
3.0157804,8.561898,preparation_103_203_1_clueGiver_cam02.mp4_segment_2_Gesture_18.13_20.10
10.772401,6.3640046,preparation_103_203_1_clueGiver_cam02.mp4_segment_3_Gesture_25.20_37.00
10.530446,6.316034,preparation_103_203_1_clueGiver_cam02.mp4_segment_4_Gesture_38.80_41.87
-0.5220067,6.4531603,preparation_103_203_1_clueGiver_cam02.mp4_segment_5_Gesture_16.17_16.57
3.1219802,8.65536,preparation_103_203_1_clueGiver_cam02.mp4_segment_6_Gesture_18.10_18.23
10.712385,6.3519306,preparation_103_203_1_clueGiver_cam02.mp4_segment_7_Gesture_24.93_41.87
7.749131,5.243596,preparation_103_203_1_guesser_cam02.mp4_segment_1_Move_17.73_21.47
8.8212,4.4866605,preparation_103_203_1_guesser_cam02.mp4_segment_2_Gesture_22.37_23.50
10.897575,6.4288797,preparation_103_203_1_guesser_cam02.mp4_segment_3_Gesture_25.23_41.87
8.559564,5.563608,preparation_103_203_1_guesser_cam02.mp4_segment_4_Gesture_19.10_21.03
8.661886,4.4673514,preparation_103_203_1_guesser_cam02.mp4_segment_5_Gesture_22.43_23.13
9.20172,4.4397306,preparation_103_203_1_guesser_cam02.mp4_segment_6_Gesture_25.03_25.17
1.252161,6.0762806,preparation_103_203_1_guesser_cam02.mp4_segment_7_Gesture_25.90_26.97
2.9190269,2.1995144,preparation_103_203_1_guesser_cam02.mp4_segment_8_Gesture_27.77_27.97
10.875158,6.4184265,preparation_103_203_1_guesser_cam02.mp4_segment_9_Gesture_30.13_41.87
7.598471,8.839748,preparation_103_203_4_clueGiver_cam02.mp4_segment_1_Gesture_3.60_4.80
6.0906157,4.077836,preparation_103_203_4_clueGiver_cam02.mp4_segment_2_Gesture_7.40_8.10
7.5291476,4.8000193,preparation_103_203_4_clueGiver_cam02.mp4_segment_3_Gesture_1.90_4.30
7.5156903,7.1759963,preparation_103_203_4_clueGiver_cam02.mp4_segment_4_Gesture_7.07_7.97
2.91388,2.7048569,preparation_103_203_4_guesser_cam02.mp4_segment_1_Gesture_0.80_8.63
7.6314526,7.048641,preparation_103_203_4_guesser_cam02.mp4_segment_2_Gesture_6.17_8.13
7.7723875,5.2512026,preparation_103_203_5_clueGiver_cam02.mp4_segment_1_Gesture_9.93_11.80
6.6082783,10.052724,preparation_103_203_5_clueGiver_cam02.mp4_segment_2_Gesture_12.70_13.13
5.172408,8.296828,preparation_103_203_5_clueGiver_cam02.mp4_segment_3_Gesture_18.20_19.10
7.7394614,7.149885,preparation_103_203_5_clueGiver_cam02.mp4_segment_4_Gesture_23.90_28.27
8.118135,3.1674075,preparation_103_203_5_clueGiver_cam02.mp4_segment_5_Gesture_1.93_2.30
8.054545,3.2711236,preparation_103_203_5_clueGiver_cam02.mp4_segment_6_Gesture_2.87_4.13
7.952233,3.250083,preparation_103_203_5_clueGiver_cam02.mp4_segment_7_Gesture_4.67_7.17
7.559312,5.2859664,preparation_103_203_5_clueGiver_cam02.mp4_segment_8_Gesture_9.13_12.63
7.8110847,6.639652,preparation_103_203_5_clueGiver_cam02.mp4_segment_9_Gesture_18.17_28.27
2.686267,2.6620646,preparation_103_203_5_guesser_cam02.mp4_segment_1_Gesture_0.80_16.70
10.401879,6.2864738,preparation_103_203_7_clueGiver_cam02.mp4_segment_1_Gesture_2.23_6.97
10.425098,6.2963676,preparation_103_203_7_clueGiver_cam02.mp4_segment_2_Gesture_1.87_6.97
10.930841,6.376318,preparation_103_203_7_guesser_cam02.mp4_segment_1_Gesture_0.80_7.03
10.925052,6.444472,preparation_103_203_7_guesser_cam02.mp4_segment_2_Gesture_0.80_7.03
7.2467303,8.469373,preparation_103_203_8_clueGiver_cam02.mp4_segment_10_Gesture_36.57_38.53
8.967906,9.427996,preparation_103_203_8_clueGiver_cam02.mp4_segment_11_Gesture_39.93_42.50
9.553682,6.1833744,preparation_103_203_8_clueGiver_cam02.mp4_segment_12_Gesture_44.20_45.00
8.3596325,8.714691,preparation_103_203_8_clueGiver_cam02.mp4_segment_13_Gesture_46.43_47.87
8.120445,8.854975,preparation_103_203_8_clueGiver_cam02.mp4_segment_14_Gesture_48.53_50.50
7.9093666,1.7899415,preparation_103_203_8_clueGiver_cam02.mp4_segment_15_Gesture_52.67_53.73
5.4260516,8.023946,preparation_103_203_8_clueGiver_cam02.mp4_segment_16_Gesture_2.73_3.27
5.2833056,8.040145,preparation_103_203_8_clueGiver_cam02.mp4_segment_17_Gesture_4.47_4.70
5.3262167,8.087464,preparation_103_203_8_clueGiver_cam02.mp4_segment_18_Gesture_5.30_5.40
5.0278587,8.063572,preparation_103_203_8_clueGiver_cam02.mp4_segment_19_Gesture_6.33_6.50
5.1101756,8.15223,preparation_103_203_8_clueGiver_cam02.mp4_segment_1_Gesture_3.13_3.80
3.701614,8.210463,preparation_103_203_8_clueGiver_cam02.mp4_segment_20_Gesture_7.47_8.37
4.5449414,6.942364,preparation_103_203_8_clueGiver_cam02.mp4_segment_21_Gesture_8.97_9.83
5.729383,7.7387066,preparation_103_203_8_clueGiver_cam02.mp4_segment_22_Gesture_10.93_11.40
8.168326,8.1434145,preparation_103_203_8_clueGiver_cam02.mp4_segment_23_Gesture_12.23_15.40
7.859938,9.8664255,preparation_103_203_8_clueGiver_cam02.mp4_segment_24_Gesture_17.17_18.17
7.9312043,10.026543,preparation_103_203_8_clueGiver_cam02.mp4_segment_25_Gesture_19.27_19.50
8.976817,9.381275,preparation_103_203_8_clueGiver_cam02.mp4_segment_26_Gesture_21.73_23.57
9.062575,9.615326,preparation_103_203_8_clueGiver_cam02.mp4_segment_27_Gesture_24.20_24.30
9.087995,9.514192,preparation_103_203_8_clueGiver_cam02.mp4_segment_28_Gesture_25.50_26.00
9.025696,9.553086,preparation_103_203_8_clueGiver_cam02.mp4_segment_29_Gesture_26.53_27.07
4.1795564,7.8667016,preparation_103_203_8_clueGiver_cam02.mp4_segment_2_Gesture_9.33_10.37
8.778463,9.249365,preparation_103_203_8_clueGiver_cam02.mp4_segment_30_Gesture_27.67_29.43
7.8306165,8.877282,preparation_103_203_8_clueGiver_cam02.mp4_segment_31_Gesture_33.63_39.87
8.828126,9.380101,preparation_103_203_8_clueGiver_cam02.mp4_segment_32_Gesture_40.80_41.73
9.034633,9.648922,preparation_103_203_8_clueGiver_cam02.mp4_segment_33_Gesture_42.43_42.73
8.392735,8.527038,preparation_103_203_8_clueGiver_cam02.mp4_segment_34_Gesture_44.03_50.67
5.078917,8.187867,preparation_103_203_8_clueGiver_cam02.mp4_segment_35_Gesture_51.43_51.63
7.799904,1.8408102,preparation_103_203_8_clueGiver_cam02.mp4_segment_36_Gesture_52.33_55.00
8.001518,8.296389,preparation_103_203_8_clueGiver_cam02.mp4_segment_3_Gesture_11.17_15.47
7.7935348,9.852445,preparation_103_203_8_clueGiver_cam02.mp4_segment_4_Gesture_18.10_18.70
8.469414,9.5127945,preparation_103_203_8_clueGiver_cam02.mp4_segment_5_Gesture_19.80_21.60
9.0699,9.341658,preparation_103_203_8_clueGiver_cam02.mp4_segment_6_Gesture_22.13_24.23
9.092555,9.492963,preparation_103_203_8_clueGiver_cam02.mp4_segment_7_Gesture_24.83_27.17
8.589901,9.024428,preparation_103_203_8_clueGiver_cam02.mp4_segment_8_Gesture_27.90_29.87
7.9837403,9.526512,preparation_103_203_8_clueGiver_cam02.mp4_segment_9_Gesture_34.90_35.37
2.0377083,2.7163894,preparation_103_203_8_guesser_cam02.mp4_segment_10_Gesture_33.97_38.33
1.9593056,2.6425333,preparation_103_203_8_guesser_cam02.mp4_segment_11_Gesture_49.47_55.00
2.1304207,3.0373926,preparation_103_203_8_guesser_cam02.mp4_segment_1_Gesture_2.23_10.03
2.6342263,3.0716162,preparation_103_203_8_guesser_cam02.mp4_segment_2_Gesture_11.57_24.07
2.209563,3.1495237,preparation_103_203_8_guesser_cam02.mp4_segment_3_Gesture_28.13_28.77
2.0517986,2.7879264,preparation_103_203_8_guesser_cam02.mp4_segment_4_Gesture_30.10_38.90
2.0083356,3.0476022,preparation_103_203_8_guesser_cam02.mp4_segment_5_Move_40.13_45.10
1.9408666,2.5748882,preparation_103_203_8_guesser_cam02.mp4_segment_6_Gesture_47.57_54.57
2.3346171,3.180232,preparation_103_203_8_guesser_cam02.mp4_segment_7_Gesture_9.73_9.90
2.3547132,2.9723263,preparation_103_203_8_guesser_cam02.mp4_segment_8_Gesture_22.87_23.77
2.1783636,2.7288687,preparation_103_203_8_guesser_cam02.mp4_segment_9_Gesture_30.07_30.77
7.611298,2.5332048,preparation_103_203_9_clueGiver_cam02.mp4_segment_10_Gesture_7.17_8.07
7.442771,2.4543726,preparation_103_203_9_clueGiver_cam02.mp4_segment_11_Gesture_10.13_10.27
7.82888,2.5440774,preparation_103_203_9_clueGiver_cam02.mp4_segment_12_Gesture_12.10_12.30
7.543729,2.507171,preparation_103_203_9_clueGiver_cam02.mp4_segment_13_Gesture_16.53_17.13
7.506495,2.4622686,preparation_103_203_9_clueGiver_cam02.mp4_segment_14_Gesture_19.23_19.37
7.5934553,8.019031,preparation_103_203_9_clueGiver_cam02.mp4_segment_15_Gesture_19.90_21.80
7.7969913,8.399226,preparation_103_203_9_clueGiver_cam02.mp4_segment_16_Gesture_23.53_44.93
8.936962,9.581676,preparation_103_203_9_clueGiver_cam02.mp4_segment_17_Gesture_46.13_46.27
8.206063,8.773691,preparation_103_203_9_clueGiver_cam02.mp4_segment_18_Gesture_46.80_53.93
7.991478,8.803861,preparation_103_203_9_clueGiver_cam02.mp4_segment_19_Gesture_54.60_64.90
7.3659143,2.7112644,preparation_103_203_9_clueGiver_cam02.mp4_segment_1_Gesture_8.80_11.90
7.56606,7.805841,preparation_103_203_9_clueGiver_cam02.mp4_segment_2_Gesture_16.80_31.87
7.5464454,8.616924,preparation_103_203_9_clueGiver_cam02.mp4_segment_3_Gesture_32.50_37.17
7.420699,8.573719,preparation_103_203_9_clueGiver_cam02.mp4_segment_4_Gesture_39.07_43.30
8.286064,8.584739,preparation_103_203_9_clueGiver_cam02.mp4_segment_5_Gesture_44.23_54.40
8.201177,8.737513,preparation_103_203_9_clueGiver_cam02.mp4_segment_6_Gesture_55.73_64.90
7.632122,2.53714,preparation_103_203_9_clueGiver_cam02.mp4_segment_7_Gesture_0.80_1.37
7.90075,2.499793,preparation_103_203_9_clueGiver_cam02.mp4_segment_8_Gesture_2.60_2.90
7.586521,2.7210174,preparation_103_203_9_clueGiver_cam02.mp4_segment_9_Gesture_3.77_4.60
2.5101604,3.2588599,preparation_103_203_9_guesser_cam02.mp4_segment_1_Gesture_25.60_26.40
-0.12683128,7.464092,preparation_103_203_9_guesser_cam02.mp4_segment_2_Gesture_55.63_56.07
0.7648476,6.4152517,preparation_103_203_9_guesser_cam02.mp4_segment_3_Gesture_63.20_69.87
1.2558837,6.715894,preparation_103_203_9_guesser_cam02.mp4_segment_4_Gesture_25.40_25.63
1.1396435,6.1008196,preparation_103_203_9_guesser_cam02.mp4_segment_5_Gesture_55.17_55.90
2.090761,5.9674377,preparation_103_203_9_guesser_cam02.mp4_segment_6_Gesture_63.10_65.53
0.63879156,6.7936563,preparation_103_203_9_guesser_cam02.mp4_segment_7_Gesture_68.37_69.87
1.2170049,6.8644967,preparation_108_208_1_clueGiver_cam02.mp4_segment_10_Gesture_9.57_9.70
1.1605796,6.822713,preparation_108_208_1_clueGiver_cam02.mp4_segment_11_Gesture_13.53_13.73
7.697099,2.5069075,preparation_108_208_1_clueGiver_cam02.mp4_segment_12_Gesture_15.73_15.90
4.560338,7.022752,preparation_108_208_1_clueGiver_cam02.mp4_segment_13_Gesture_22.63_24.73
6.385653,9.330858,preparation_108_208_1_clueGiver_cam02.mp4_segment_14_Gesture_25.67_25.80
3.6131387,8.076888,preparation_108_208_1_clueGiver_cam02.mp4_segment_15_Gesture_26.53_27.90
10.376597,6.251954,preparation_108_208_1_clueGiver_cam02.mp4_segment_16_Gesture_29.07_44.73
-0.28192365,6.358554,preparation_108_208_1_clueGiver_cam02.mp4_segment_1_Move_8.73_9.17
1.3373748,7.004985,preparation_108_208_1_clueGiver_cam02.mp4_segment_2_Gesture_9.73_9.97
3.2781608,8.167464,preparation_108_208_1_clueGiver_cam02.mp4_segment_3_Move_10.60_11.27
1.86134,2.9538145,preparation_108_208_1_clueGiver_cam02.mp4_segment_4_Gesture_13.73_14.97
7.546771,2.4627924,preparation_108_208_1_clueGiver_cam02.mp4_segment_5_Gesture_15.63_16.07
4.036149,7.209001,preparation_108_208_1_clueGiver_cam02.mp4_segment_6_Gesture_23.13_23.53
4.082944,8.616012,preparation_108_208_1_clueGiver_cam02.mp4_segment_7_Gesture_24.33_27.57
10.340713,6.2482395,preparation_108_208_1_clueGiver_cam02.mp4_segment_8_Gesture_29.40_44.73
-0.121813335,6.37939,preparation_108_208_1_clueGiver_cam02.mp4_segment_9_Gesture_8.23_8.33
3.1414604,2.9716265,preparation_108_208_1_guesser_cam02.mp4_segment_1_Gesture_26.07_44.73
3.866779,7.2346444,preparation_108_208_1_guesser_cam02.mp4_segment_2_Gesture_11.13_11.27
2.5135243,1.9908931,preparation_108_208_1_guesser_cam02.mp4_segment_3_Gesture_26.03_26.63
10.889635,6.4087415,preparation_108_208_1_guesser_cam02.mp4_segment_4_Gesture_40.23_44.73
9.499899,6.0273294,preparation_108_208_4_clueGiver_cam02.mp4_segment_1_Gesture_2.53_4.93
7.443959,2.3322473,preparation_108_208_4_clueGiver_cam02.mp4_segment_2_Gesture_6.77_7.47
9.338689,5.8135943,preparation_108_208_4_clueGiver_cam02.mp4_segment_3_Gesture_2.33_3.77
9.410685,5.971492,preparation_108_208_4_clueGiver_cam02.mp4_segment_4_Gesture_4.40_4.73
7.428542,2.551712,preparation_108_208_4_clueGiver_cam02.mp4_segment_5_Gesture_6.73_7.03
7.094957,7.5515904,preparation_108_208_5_clueGiver_cam02.mp4_segment_10_Gesture_2.60_3.13
6.7451777,9.93653,preparation_108_208_5_clueGiver_cam02.mp4_segment_11_Gesture_5.60_5.90
6.407269,9.944289,preparation_108_208_5_clueGiver_cam02.mp4_segment_12_Gesture_6.47_7.33
9.00034,6.2053866,preparation_108_208_5_clueGiver_cam02.mp4_segment_13_Gesture_9.17_9.73
7.5944667,9.903613,preparation_108_208_5_clueGiver_cam02.mp4_segment_14_Gesture_12.00_13.37
6.824273,7.8581223,preparation_108_208_5_clueGiver_cam02.mp4_segment_15_Gesture_15.07_19.23
3.774137,8.580789,preparation_108_208_5_clueGiver_cam02.mp4_segment_16_Gesture_20.97_24.37
6.1518254,9.966989,preparation_108_208_5_clueGiver_cam02.mp4_segment_17_Gesture_26.07_26.43
5.8125777,8.188156,preparation_108_208_5_clueGiver_cam02.mp4_segment_18_Gesture_27.93_28.53
5.316846,9.202688,preparation_108_208_5_clueGiver_cam02.mp4_segment_19_Gesture_29.43_30.07
7.0464067,10.1389065,preparation_108_208_5_clueGiver_cam02.mp4_segment_1_Gesture_3.37_3.50
6.143387,9.382277,preparation_108_208_5_clueGiver_cam02.mp4_segment_20_Gesture_33.60_36.77
6.1326704,9.684817,preparation_108_208_5_clueGiver_cam02.mp4_segment_21_Gesture_37.57_39.20
6.5596857,9.938923,preparation_108_208_5_clueGiver_cam02.mp4_segment_2_Gesture_5.13_7.50
8.423591,6.619222,preparation_108_208_5_clueGiver_cam02.mp4_segment_3_Gesture_9.17_10.40
7.54733,9.753962,preparation_108_208_5_clueGiver_cam02.mp4_segment_4_Gesture_11.73_13.93
6.6535406,7.9555655,preparation_108_208_5_clueGiver_cam02.mp4_segment_5_Gesture_15.33_21.67
6.185234,9.834813,preparation_108_208_5_clueGiver_cam02.mp4_segment_6_Gesture_25.97_28.83
6.6746116,10.104049,preparation_108_208_5_clueGiver_cam02.mp4_segment_7_Gesture_30.33_30.47
6.157344,9.373687,preparation_108_208_5_clueGiver_cam02.mp4_segment_8_Gesture_33.63_36.40
6.3516474,9.774943,preparation_108_208_5_clueGiver_cam02.mp4_segment_9_Gesture_38.20_39.07
-0.52705115,6.527117,preparation_108_208_7_clueGiver_cam02.mp4_segment_1_Gesture_0.83_3.00
10.4424305,6.2889767,preparation_108_208_7_clueGiver_cam02.mp4_segment_2_Gesture_11.20_17.50
7.4340916,2.513996,preparation_108_208_7_clueGiver_cam02.mp4_segment_3_Gesture_4.03_4.37
6.627468,3.0739567,preparation_108_208_7_clueGiver_cam02.mp4_segment_4_Gesture_5.60_6.07
10.476713,6.305123,preparation_108_208_7_clueGiver_cam02.mp4_segment_5_Gesture_10.87_17.50
1.1507852,6.803758,preparation_108_208_7_guesser_cam02.mp4_segment_1_Gesture_0.80_2.10
0.9404977,6.4782248,preparation_108_208_7_guesser_cam02.mp4_segment_2_Gesture_3.07_5.27
10.840075,6.378487,preparation_108_208_7_guesser_cam02.mp4_segment_3_Gesture_11.87_17.50
0.47394213,6.71781,preparation_108_208_7_guesser_cam02.mp4_segment_4_Gesture_3.47_4.57
10.880272,6.415756,preparation_108_208_7_guesser_cam02.mp4_segment_5_Gesture_11.80_17.50
4.1801386,8.938477,preparation_108_208_8_clueGiver_cam02.mp4_segment_10_Gesture_13.70_20.50
6.447596,8.943891,preparation_108_208_8_clueGiver_cam02.mp4_segment_11_Gesture_21.67_26.50
6.6402626,2.6856356,preparation_108_208_8_clueGiver_cam02.mp4_segment_1_Move_4.33_6.23
6.5493813,2.7189958,preparation_108_208_8_clueGiver_cam02.mp4_segment_2_Gesture_7.43_10.30
4.117041,8.995962,preparation_108_208_8_clueGiver_cam02.mp4_segment_3_Gesture_13.93_15.53
5.1480823,9.298035,preparation_108_208_8_clueGiver_cam02.mp4_segment_4_Gesture_18.57_19.00
6.558183,9.080821,preparation_108_208_8_clueGiver_cam02.mp4_segment_5_Gesture_22.37_23.40
4.3412943,9.090106,preparation_108_208_8_clueGiver_cam02.mp4_segment_6_Gesture_26.23_27.03
6.487818,2.6129246,preparation_108_208_8_clueGiver_cam02.mp4_segment_7_Gesture_4.00_4.20
6.561619,2.6201138,preparation_108_208_8_clueGiver_cam02.mp4_segment_8_Gesture_4.80_5.57
6.680386,2.6291122,preparation_108_208_8_clueGiver_cam02.mp4_segment_9_Gesture_7.00_7.67
2.5638025,2.0029702,preparation_108_208_8_guesser_cam02.mp4_segment_1_Gesture_0.80_1.43
2.6866546,2.0773625,preparation_108_208_8_guesser_cam02.mp4_segment_2_Gesture_5.33_7.80
2.469037,2.0707204,preparation_108_208_8_guesser_cam02.mp4_segment_3_Gesture_9.00_10.77
2.674735,2.1197097,preparation_108_208_8_guesser_cam02.mp4_segment_4_Gesture_12.97_17.10
2.553674,2.006569,preparation_108_208_8_guesser_cam02.mp4_segment_5_Gesture_19.43_19.73
2.574128,1.9392484,preparation_108_208_8_guesser_cam02.mp4_segment_6_Gesture_20.53_21.47
2.8635602,2.0237901,preparation_108_208_8_guesser_cam02.mp4_segment_7_Gesture_22.17_24.97
2.4755704,2.0658112,preparation_108_208_8_guesser_cam02.mp4_segment_8_Gesture_26.63_27.10
6.1585307,9.029316,preparation_108_208_9_clueGiver_cam02.mp4_segment_1_Gesture_7.13_13.83
6.262393,4.9730663,preparation_108_208_9_clueGiver_cam02.mp4_segment_2_Gesture_15.20_22.83
6.151559,8.856633,preparation_108_208_9_clueGiver_cam02.mp4_segment_3_Gesture_27.93_35.90
3.6042094,8.467701,preparation_108_208_9_clueGiver_cam02.mp4_segment_4_Gesture_37.07_38.37
6.6808553,8.889718,preparation_108_208_9_clueGiver_cam02.mp4_segment_5_Gesture_7.03_8.27
6.565037,8.805296,preparation_108_208_9_clueGiver_cam02.mp4_segment_6_Gesture_8.80_10.27
5.4718084,9.626825,preparation_108_208_9_clueGiver_cam02.mp4_segment_7_Gesture_11.03_16.37
4.4243217,8.921337,preparation_108_208_9_clueGiver_cam02.mp4_segment_8_Gesture_17.00_35.50
2.3997483,2.1689262,preparation_108_208_9_guesser_cam02.mp4_segment_1_Gesture_35.27_36.60
2.4771829,1.9017831,preparation_108_208_9_guesser_cam02.mp4_segment_2_Gesture_37.23_37.90
2.4197,2.087,preparation_108_208_9_guesser_cam02.mp4_segment_3_Gesture_43.43_43.60
2.9347277,2.0975864,preparation_108_208_9_guesser_cam02.mp4_segment_4_Gesture_46.73_47.17
