time,has_motion,Gesture_confidence,Move_confidence,NoGesture_confidence,cnn_class,cnn_confidence,lgbm_class,lgbm_confidence,lgbm_nogesture_prob,lgbm_gesture_prob
0.8,0.7788427472114563,0.6463710866306656,0.13247164897512942,0.2211572527885437,NoGesture,0.2211572527885437,NoGesture,0.5169372317043618,0.5169372317043618,0.4830627682956382
0.8333333333333334,0.6748793721199036,0.6162626476513573,0.05861676469449151,0.32512062788009644,NoGesture,0.32512062788009644,NoGesture,0.5029322557416767,0.5029322557416767,0.4970677442583234
0.8666666666666667,0.6619795560836792,0.5974559448761099,0.06452363586822951,0.3380204439163208,NoGesture,0.3380204439163208,NoGesture,0.6718303859277494,0.6718303859277494,0.32816961407225065
0.9,0.7184241414070129,0.6550991894796603,0.06332494657467569,0.28157585859298706,NoGesture,0.28157585859298706,NoGesture,0.6986748748612721,0.6986748748612721,0.3013251251387279
0.9333333333333333,0.7355923652648926,0.6557339838884957,0.07985832108990465,0.2644076347351074,NoGesture,0.2644076347351074,NoGesture,0.6159226190003123,0.6159226190003123,0.3840773809996876
0.9666666666666667,0.6788796782493591,0.6085054816756923,0.07037422186390563,0.32112032175064087,NoGesture,0.32112032175064087,NoGesture,0.6180988604900539,0.6180988604900539,0.3819011395099461
1.0,0.6410894393920898,0.5795238647848464,0.061565593713197586,0.35891056060791016,NoGesture,0.35891056060791016,NoGesture,0.5840441485881122,0.5840441485881122,0.41595585141188784
1.0333333333333334,0.6730400323867798,0.6184915962625652,0.054548406036980523,0.3269599676132202,NoGesture,0.3269599676132202,NoGesture,0.6444032137091046,0.6444032137091046,0.3555967862908954
1.0666666666666667,0.6663745641708374,0.5801966451548779,0.08617794880522389,0.3336254358291626,NoGesture,0.3336254358291626,NoGesture,0.5745377030441773,0.5745377030441773,0.42546229695582277
1.1,0.6621241569519043,0.5432733551018032,0.11885085118219507,0.3378758430480957,NoGesture,0.3378758430480957,NoGesture,0.5140356046245255,0.5140356046245255,0.48596439537547464
1.1333333333333333,0.6632654666900635,0.5331681560601993,0.13009734028014108,0.3367345333099365,NoGesture,0.3367345333099365,NoGesture,0.5901779817157604,0.5901779817157604,0.40982201828423964
1.1666666666666667,0.6722560524940491,0.5606463957075647,0.11160967682127598,0.3277439475059509,NoGesture,0.3277439475059509,NoGesture,0.5906735836565566,0.5906735836565566,0.4093264163434434
1.2,0.6848933696746826,0.5554245526224832,0.12946882725790587,0.3151066303253174,NoGesture,0.3151066303253174,NoGesture,0.7109228502627388,0.7109228502627388,0.2890771497372612
1.2333333333333334,0.6851092576980591,0.5339337219711808,0.15117551530903128,0.3148907423019409,NoGesture,0.3148907423019409,NoGesture,0.7603980249824421,0.7603980249824421,0.2396019750175579
1.2666666666666666,0.6794204115867615,0.5257774389762737,0.1536429928587939,0.3205795884132385,NoGesture,0.3205795884132385,NoGesture,0.6787049630772227,0.6787049630772227,0.3212950369227772
1.3,0.715987503528595,0.5287155028062038,0.18727195804621033,0.28401249647140503,NoGesture,0.28401249647140503,NoGesture,0.6146027470155324,0.6146027470155324,0.38539725298446764
1.3333333333333333,0.7079681158065796,0.5320547147398074,0.17591341161631924,0.2920318841934204,NoGesture,0.2920318841934204,NoGesture,0.5837822729151937,0.5837822729151937,0.41621772708480625
1.3666666666666667,0.695722758769989,0.5114822598360398,0.18424049893394923,0.304277241230011,NoGesture,0.304277241230011,NoGesture,0.5575660706105067,0.5575660706105067,0.44243392938949333
1.4,0.7020504474639893,0.50270102531654,0.19934944307018299,0.29794955253601074,NoGesture,0.29794955253601074,NoGesture,0.6532706474816926,0.6532706474816926,0.3467293525183074
1.4333333333333333,0.7158895134925842,0.5292266597141762,0.18666285377840808,0.28411048650741577,NoGesture,0.28411048650741577,NoGesture,0.5146400757959284,0.5146400757959284,0.4853599242040717
1.4666666666666666,0.7128920555114746,0.5338404964095105,0.179051580347803,0.2871079444885254,NoGesture,0.2871079444885254,NoGesture,0.6095090460820649,0.6095090460820649,0.3904909539179351
1.5,0.6831401586532593,0.5542014652769822,0.12893868319669544,0.3168598413467407,NoGesture,0.3168598413467407,NoGesture,0.5287249562780227,0.5287249562780227,0.47127504372197715
1.5333333333333334,0.6607040166854858,0.5255045361440693,0.1351994805414165,0.33929598331451416,NoGesture,0.33929598331451416,NoGesture,0.508758342256163,0.508758342256163,0.49124165774383705
1.5666666666666667,0.6378138065338135,0.5059539531101365,0.13185984391951067,0.3621861934661865,NoGesture,0.3621861934661865,NoGesture,0.5150907574598993,0.5150907574598993,0.48490924254010065
1.6,0.6429129838943481,0.5000598033297265,0.14285316140432158,0.35708701610565186,NoGesture,0.35708701610565186,NoGesture,0.5302298620736273,0.5302298620736273,0.4697701379263727
1.6333333333333333,0.645550549030304,0.5024031257638377,0.1431474425053718,0.35444945096969604,NoGesture,0.35444945096969604,NoGesture,0.651312489852307,0.651312489852307,0.34868751014769284
1.6666666666666667,0.6498867869377136,0.4939409123195304,0.1559459133544543,0.3501132130622864,NoGesture,0.3501132130622864,NoGesture,0.6040626508173716,0.6040626508173716,0.39593734918262835
1.7,0.6589027643203735,0.5043862232376526,0.15451658035638616,0.34109723567962646,NoGesture,0.34109723567962646,NoGesture,0.5955111860729919,0.5955111860729919,0.4044888139270082
1.7333333333333334,0.6763284206390381,0.4892011122362163,0.1871273285589794,0.3236715793609619,NoGesture,0.3236715793609619,NoGesture,0.5452479373720303,0.5452479373720303,0.45475206262796986
1.7666666666666666,0.6940312385559082,0.5043782371281225,0.18965298074404302,0.3059687614440918,NoGesture,0.3059687614440918,NoGesture,0.5897173131344796,0.5897173131344796,0.4102826868655205
1.8,0.6793148517608643,0.4900162872613123,0.1892986049898724,0.32068514823913574,NoGesture,0.32068514823913574,NoGesture,0.6870407675567265,0.6870407675567265,0.3129592324432735
1.8333333333333333,0.645475447177887,0.4865622229198827,0.158913262731339,0.35452455282211304,NoGesture,0.35452455282211304,NoGesture,0.6115724602668834,0.6115724602668834,0.38842753973311667
1.8666666666666667,0.6468798518180847,0.4719149659694857,0.17496488584859904,0.3531201481819153,NoGesture,0.3531201481819153,NoGesture,0.5874445792382537,0.5874445792382537,0.41255542076174634
1.9,0.6382484436035156,0.4843849958244846,0.153863457289674,0.3617515563964844,NoGesture,0.3617515563964844,NoGesture,0.563881255397211,0.563881255397211,0.43611874460278893
1.9333333333333333,0.6347388625144958,0.4791160405207968,0.15562285036873735,0.36526113748550415,NoGesture,0.36526113748550415,NoGesture,0.5894854340696531,0.5894854340696531,0.4105145659303469
1.9666666666666666,0.623180091381073,0.5167408015002479,0.10643931773914606,0.376819908618927,NoGesture,0.376819908618927,NoGesture,0.5732803892949758,0.5732803892949758,0.42671961070502407
2.0,0.6307467818260193,0.5152896131066953,0.11545720631476186,0.3692532181739807,NoGesture,0.3692532181739807,NoGesture,0.5513047972108888,0.5513047972108888,0.4486952027891113
2.033333333333333,0.6467333436012268,0.536138971158362,0.11059437244286485,0.3532666563987732,NoGesture,0.3532666563987732,NoGesture,0.5428126263764247,0.5428126263764247,0.4571873736235754
2.066666666666667,0.6314249038696289,0.5241708028510743,0.10725407279166177,0.3685750961303711,NoGesture,0.3685750961303711,NoGesture,0.547835908173218,0.547835908173218,0.45216409182678197
2.1,0.5949335694313049,0.5213277202645372,0.07360586689716975,0.40506643056869507,NoGesture,0.40506643056869507,NoGesture,0.6188424583526341,0.6188424583526341,0.3811575416473659
2.1333333333333333,0.5932928323745728,0.5115883693361383,0.08170444535693022,0.40670716762542725,NoGesture,0.40670716762542725,NoGesture,0.6149135621953442,0.6149135621953442,0.3850864378046558
2.1666666666666665,0.5885345935821533,0.5116576776355259,0.07687691594662738,0.4114654064178467,NoGesture,0.4114654064178467,NoGesture,0.5731994888715258,0.5731994888715258,0.42680051112847406
2.2,0.5851371884346008,0.5082286491920804,0.07690852180407326,0.41486281156539917,NoGesture,0.41486281156539917,NoGesture,0.6142449057038423,0.6142449057038423,0.3857550942961578
2.2333333333333334,0.5961047410964966,0.5260475424278326,0.07005718978601116,0.4038952589035034,NoGesture,0.4038952589035034,NoGesture,0.5750865344587627,0.5750865344587627,0.4249134655412374
2.2666666666666666,0.5995253324508667,0.5286521804625721,0.07087314752148277,0.4004746675491333,NoGesture,0.4004746675491333,NoGesture,0.4944464786294034,0.4944464786294034,0.5055535213705966
2.3,0.6135274171829224,0.532755014596475,0.08077242087098924,0.38647258281707764,NoGesture,0.38647258281707764,NoGesture,0.4065766207441562,0.4065766207441562,0.5934233792558439
2.3333333333333335,0.6046518683433533,0.5515714915915737,0.05308034521672722,0.39534813165664673,NoGesture,0.39534813165664673,NoGesture,0.20885168677319968,0.20885168677319968,0.7911483132268003
2.3666666666666667,0.6385246515274048,0.5756782236831555,0.0628464563885256,0.3614753484725952,NoGesture,0.3614753484725952,NoGesture,0.15803338351749865,0.15803338351749865,0.8419666164825014
2.4,0.6450814008712769,0.5771126053073061,0.06796877633904685,0.35491859912872314,NoGesture,0.35491859912872314,NoGesture,0.12180571018878178,0.12180571018878178,0.8781942898112183
2.433333333333333,0.8479177951812744,0.5183805077042081,0.32953726220714685,0.15208220481872559,NoGesture,0.15208220481872559,NoGesture,0.11565984808854568,0.11565984808854568,0.8843401519114543
2.466666666666667,0.8546025156974792,0.6295210821905677,0.22508148444519094,0.14539748430252075,NoGesture,0.14539748430252075,NoGesture,0.10479251641659992,0.10479251641659992,0.8952074835834001
2.5,0.8692399263381958,0.6719557272105448,0.1972842120803353,0.1307600736618042,NoGesture,0.1307600736618042,NoGesture,0.08962235223328714,0.08962235223328714,0.9103776477667129
2.533333333333333,0.8584413528442383,0.66791843481451,0.19052290523795534,0.14155864715576172,NoGesture,0.14155864715576172,NoGesture,0.06061199514882407,0.06061199514882407,0.939388004851176
2.566666666666667,0.8985790014266968,0.6465856547184288,0.2519934002677502,0.10142099857330322,NoGesture,0.10142099857330322,Gesture,0.9504227878619173,0.04957721213808275,0.9504227878619173
2.6,0.8951982259750366,0.6443570625703785,0.25084111004668586,0.10480177402496338,NoGesture,0.10480177402496338,NoGesture,0.24275920399479042,0.24275920399479042,0.7572407960052097
2.6333333333333333,0.8279643654823303,0.722751125532092,0.10521326462549929,0.17203563451766968,NoGesture,0.17203563451766968,NoGesture,0.18026421296773376,0.18026421296773376,0.8197357870322662
2.6666666666666665,0.8437891602516174,0.7415635360931283,0.1022256493053657,0.15621083974838257,NoGesture,0.15621083974838257,NoGesture,0.28455119202111784,0.28455119202111784,0.7154488079788821
2.7,0.9001327157020569,0.737277856855588,0.16285489908553696,0.09986728429794312,Gesture,0.737277856855588,NoGesture,0.3034379731024811,0.3034379731024811,0.696562026897519
2.7333333333333334,0.8967674970626831,0.7493411286487586,0.14742636841392454,0.1032325029373169,NoGesture,0.1032325029373169,NoGesture,0.3362762633654416,0.3362762633654416,0.6637237366345585
2.7666666666666666,0.8553420305252075,0.778287090879445,0.07705493964576249,0.14465796947479248,NoGesture,0.14465796947479248,NoGesture,0.3064806986961058,0.3064806986961058,0.6935193013038942
2.8,0.8420881032943726,0.7832318366076692,0.058856260412658123,0.15791189670562744,NoGesture,0.15791189670562744,NoGesture,0.3539049204193013,0.3539049204193013,0.6460950795806987
2.8333333333333335,0.84116530418396,0.7632888494308361,0.07787651742482282,0.15883469581604004,NoGesture,0.15883469581604004,NoGesture,0.4240991843412667,0.4240991843412667,0.5759008156587333
2.8666666666666667,0.8471513986587524,0.7531039082789022,0.09404747144454095,0.15284860134124756,NoGesture,0.15284860134124756,NoGesture,0.606960222401358,0.606960222401358,0.3930397775986419
2.9,0.7693052291870117,0.689358859500544,0.0799463582229265,0.23069477081298828,NoGesture,0.23069477081298828,NoGesture,0.5976846818473294,0.5976846818473294,0.4023153181526707
2.933333333333333,0.7815292477607727,0.6607292164988721,0.12080000797051405,0.2184707522392273,NoGesture,0.2184707522392273,NoGesture,0.6835349014336176,0.6835349014336176,0.3164650985663823
2.966666666666667,0.8973664045333862,0.5752027480907529,0.32216362969903045,0.10263359546661377,NoGesture,0.10263359546661377,NoGesture,0.7037099896883373,0.7037099896883373,0.29629001031166274
3.0,0.9361218214035034,0.49334619695392234,0.4427756244495811,0.06387817859649658,Gesture,0.49334619695392234,NoGesture,0.6944320378620144,0.6944320378620144,0.30556796213798565
3.033333333333333,0.8431732654571533,0.6095631008125935,0.23361021490160283,0.15682673454284668,NoGesture,0.15682673454284668,NoGesture,0.8527393396207509,0.8527393396207509,0.14726066037924906
3.066666666666667,0.7650289535522461,0.6149686573899089,0.15006033036179645,0.2349710464477539,NoGesture,0.2349710464477539,NoGesture,0.9185953276911881,0.9185953276911881,0.08140467230881189
3.1,0.5154751539230347,0.4634854361650156,0.05198969855507318,0.48452484607696533,NoGesture,0.48452484607696533,NoGesture,0.9572453336048848,0.9572453336048848,0.04275466639511506
3.1333333333333333,0.23467957973480225,0.215847838525427,0.0188317447063735,0.7653204202651978,NoGesture,0.7653204202651978,NoGesture,0.98022139541532,0.98022139541532,0.019778604584679824
3.1666666666666665,0.022895019501447678,0.02221275752307017,0.0006822624474757746,0.9771049804985523,NoGesture,0.9771049804985523,NoGesture,0.9780052641169718,0.9780052641169718,0.021994735883028325
3.2,0.010511023923754692,0.010254539947980756,0.0002564847784845524,0.9894889760762453,NoGesture,0.9894889760762453,NoGesture,0.9886225947524837,0.9886225947524837,0.011377405247516317
3.2333333333333334,0.0011119752889499068,0.0010874137896744324,2.4561517916412865e-05,0.9988880247110501,NoGesture,0.9988880247110501,NoGesture,0.9930211275485469,0.9930211275485469,0.00697887245145315
3.2666666666666666,0.0013639085227623582,0.0013160589321382227,4.784958046222514e-05,0.9986360914772376,NoGesture,0.9986360914772376,NoGesture,0.9924377380812206,0.9924377380812206,0.007562261918779427
3.3,0.0006701949751004577,0.000654343791705092,1.5851135958619682e-05,0.9993298050248995,NoGesture,0.9993298050248995,NoGesture,0.9932246610228457,0.9932246610228457,0.006775338977154304
3.3333333333333335,0.00038737343857064843,0.0003814579480425871,5.915490528061312e-06,0.9996126265614294,NoGesture,0.9996126265614294,NoGesture,0.9957814710938335,0.9957814710938335,0.004218528906166461
3.3666666666666667,0.00015357951633632183,0.00015208911758403387,1.4904001826086637e-06,0.9998464204836637,NoGesture,0.9998464204836637,NoGesture,0.9955420571124308,0.9955420571124308,0.00445794288756907
3.4,0.0001261428842553869,0.00012451770934110516,1.6251772638760484e-06,0.9998738571157446,NoGesture,0.9998738571157446,NoGesture,0.9968658907948098,0.9968658907948098,0.0031341092051902194
3.433333333333333,0.00021437834948301315,0.0002109988896037418,3.379465868933243e-06,0.999785621650517,NoGesture,0.999785621650517,NoGesture,0.9968748733623766,0.9968748733623766,0.003125126637623434
3.466666666666667,0.0002522937429603189,0.00024793402125296987,4.3597320458908144e-06,0.9997477062570397,NoGesture,0.9997477062570397,NoGesture,0.9964091501138281,0.9964091501138281,0.0035908498861719155
3.5,0.00035495744668878615,0.0003474826388353766,7.474791324415381e-06,0.9996450425533112,NoGesture,0.9996450425533112,NoGesture,0.9957165071849537,0.9957165071849537,0.004283492815046344
3.533333333333333,0.00044530033483169973,0.0004329437480427734,1.2356605865966e-05,0.9995546996651683,NoGesture,0.9995546996651683,NoGesture,0.9921761054314305,0.9921761054314305,0.007823894568569514
3.566666666666667,0.0003856047405861318,0.0003741032395343548,1.1501520444386613e-05,0.9996143952594139,NoGesture,0.9996143952594139,NoGesture,0.991280577489882,0.991280577489882,0.008719422510117989
3.6,0.0003626667021308094,0.00035055452087233777,1.2112193417820384e-05,0.9996373332978692,NoGesture,0.9996373332978692,NoGesture,0.9881398043949512,0.9881398043949512,0.011860195605048692
3.6333333333333333,0.00019413427799008787,0.00018614030000958966,7.993986658976718e-06,0.9998058657220099,NoGesture,0.9998058657220099,NoGesture,0.9869313696435504,0.9869313696435504,0.013068630356449503
3.6666666666666665,0.00020463700639083982,0.00019287243889399772,1.1764562160516316e-05,0.9997953629936092,NoGesture,0.9997953629936092,NoGesture,0.9850564488850867,0.9850564488850867,0.014943551114913267
3.7,0.00014615898544434458,0.00013728933048755537,8.86966094612037e-06,0.9998538410145557,NoGesture,0.9998538410145557,NoGesture,0.9160492993674921,0.9160492993674921,0.08395070063250795
3.7333333333333334,7.505721441702917e-05,7.213473160951663e-05,2.9224814094629765e-06,0.999924942785583,NoGesture,0.999924942785583,NoGesture,0.8923193392852388,0.8923193392852388,0.10768066071476123
3.7666666666666666,6.589611439267173e-05,6.380716729635291e-05,2.0889463598723547e-06,0.9999341038856073,NoGesture,0.9999341038856073,NoGesture,0.8236605250194804,0.8236605250194804,0.1763394749805196
3.8,6.18405538261868e-05,6.008157634328779e-05,1.7589784043950786e-06,0.9999381594461738,NoGesture,0.9999381594461738,NoGesture,0.8012755599135153,0.8012755599135153,0.19872444008648465
3.8333333333333335,7.388384983642027e-05,7.196933726210308e-05,1.914512161459004e-06,0.9999261161501636,NoGesture,0.9999261161501636,NoGesture,0.6612223487055445,0.6612223487055445,0.3387776512944554
3.8666666666666667,6.255621701711789e-05,6.1000724897453985e-05,1.5554959648250304e-06,0.9999374437829829,NoGesture,0.9999374437829829,NoGesture,0.6398516115875061,0.6398516115875061,0.3601483884124938
3.9,5.686093572876416e-05,5.5496856833132805e-05,1.3640824966307247e-06,0.9999431390642712,NoGesture,0.9999431390642712,NoGesture,0.5738152884056104,0.5738152884056104,0.42618471159438953
3.933333333333333,6.821048737037927e-05,6.6597891377718e-05,1.612592689310998e-06,0.9999317895126296,NoGesture,0.9999317895126296,NoGesture,0.5410389007870396,0.5410389007870396,0.45896109921296036
3.966666666666667,0.00021313979232218117,0.00020896173703218758,4.178066803103793e-06,0.9997868602076778,NoGesture,0.9997868602076778,NoGesture,0.34329455994567737,0.34329455994567737,0.6567054400543225
4.0,0.0004054079472552985,0.00039688472763627254,8.523240007566907e-06,0.9995945920527447,NoGesture,0.9995945920527447,NoGesture,0.2362482071343126,0.2362482071343126,0.7637517928656874
4.033333333333333,0.00035914487671107054,0.0003514448643074722,7.70002444486868e-06,0.9996408551232889,NoGesture,0.9996408551232889,NoGesture,0.192992552538285,0.192992552538285,0.8070074474617149
4.066666666666666,0.0003233468160033226,0.0003181354236185263,5.2113755209456936e-06,0.9996766531839967,NoGesture,0.9996766531839967,NoGesture,0.20782684915927224,0.20782684915927224,0.7921731508407278
4.1,0.0008108441834338009,0.0007946473722137519,1.6196842936663726e-05,0.9991891558165662,NoGesture,0.9991891558165662,NoGesture,0.34895216198706147,0.34895216198706147,0.6510478380129386
4.133333333333334,0.0031024387571960688,0.0029878127304473895,0.00011462591117382924,0.9968975612428039,NoGesture,0.9968975612428039,NoGesture,0.23995891896784766,0.23995891896784766,0.7600410810321524
4.166666666666667,0.005626857280731201,0.005344602097441253,0.0002822549736731794,0.9943731427192688,NoGesture,0.9943731427192688,NoGesture,0.31380382490233055,0.31380382490233055,0.6861961750976694
4.2,0.005569542292505503,0.005244798370370868,0.00032474359016404497,0.9944304577074945,NoGesture,0.9944304577074945,NoGesture,0.33309222073682465,0.33309222073682465,0.6669077792631753
4.233333333333333,0.022708158940076828,0.02061019407584297,0.0020979655409897324,0.9772918410599232,NoGesture,0.9772918410599232,NoGesture,0.33189144731316744,0.33189144731316744,0.6681085526868326
4.266666666666667,0.037913728505373,0.03414388645229982,0.00376984205307318,0.962086271494627,NoGesture,0.962086271494627,NoGesture,0.34791060059367657,0.34791060059367657,0.6520893994063234
4.3,0.07709629833698273,0.06628232264593414,0.010813971095751107,0.9229037016630173,NoGesture,0.9229037016630173,NoGesture,0.3735837630025897,0.3735837630025897,0.6264162369974102
4.333333333333333,0.09714698046445847,0.08510305242940763,0.012043933101660687,0.9028530195355415,NoGesture,0.9028530195355415,NoGesture,0.45395151486055224,0.45395151486055224,0.5460484851394478
4.366666666666666,0.15010695159435272,0.13102662368910423,0.01908032119494485,0.8498930484056473,NoGesture,0.8498930484056473,NoGesture,0.46167208056081804,0.46167208056081804,0.5383279194391819
4.4,0.27569571137428284,0.23053450224960947,0.04516120501648713,0.7243042886257172,NoGesture,0.7243042886257172,NoGesture,0.4206805331560739,0.4206805331560739,0.5793194668439261
4.433333333333334,0.3609533905982971,0.2893174896431354,0.07163590633378636,0.6390466094017029,NoGesture,0.6390466094017029,NoGesture,0.32962134259427917,0.32962134259427917,0.6703786574057209
4.466666666666667,0.32594388723373413,0.26712378911343393,0.05882010783418501,0.6740561127662659,NoGesture,0.6740561127662659,NoGesture,0.3494073758312073,0.3494073758312073,0.6505926241687928
4.5,0.4819425642490387,0.3560969072576885,0.12584568571736554,0.5180574357509613,NoGesture,0.5180574357509613,NoGesture,0.3447565617995161,0.3447565617995161,0.6552434382004839
4.533333333333333,0.5125224590301514,0.3729203114673396,0.1396021628371713,0.48747754096984863,NoGesture,0.48747754096984863,NoGesture,0.414544560139078,0.414544560139078,0.5854554398609221
4.566666666666666,0.515318751335144,0.3646768049364155,0.15064193104103296,0.48468124866485596,NoGesture,0.48468124866485596,NoGesture,0.43073115061346035,0.43073115061346035,0.5692688493865397
4.6,0.4472200870513916,0.3435445991783439,0.10367550120124491,0.5527799129486084,NoGesture,0.5527799129486084,NoGesture,0.43802928940413194,0.43802928940413194,0.5619707105958681
4.633333333333334,0.4816654324531555,0.3715558411825626,0.1101096128027157,0.5183345675468445,NoGesture,0.5183345675468445,NoGesture,0.46462280106196174,0.46462280106196174,0.5353771989380383
4.666666666666667,0.5891064405441284,0.423105496905265,0.16600094363886342,0.4108935594558716,NoGesture,0.4108935594558716,NoGesture,0.4446681961639252,0.4446681961639252,0.5553318038360747
4.7,0.6899133920669556,0.42883233951792477,0.26108109367107346,0.31008660793304443,NoGesture,0.31008660793304443,NoGesture,0.5002192740401623,0.5002192740401623,0.49978072595983764
4.733333333333333,0.7244745492935181,0.43033484640963593,0.29413970288388214,0.27552545070648193,NoGesture,0.27552545070648193,NoGesture,0.41137919046374305,0.41137919046374305,0.5886208095362571
4.766666666666667,0.6910650134086609,0.38432568754572927,0.30673934645827394,0.3089349865913391,NoGesture,0.3089349865913391,NoGesture,0.44200728133633665,0.44200728133633665,0.5579927186636634
4.8,0.5750211477279663,0.3059130701257402,0.2691080604652605,0.4249788522720337,NoGesture,0.4249788522720337,NoGesture,0.34358693197058726,0.34358693197058726,0.6564130680294127
4.833333333333333,0.573458194732666,0.3007400692514466,0.2727181425716054,0.426541805267334,NoGesture,0.426541805267334,NoGesture,0.310582954101463,0.310582954101463,0.6894170458985369
4.866666666666666,0.6836428046226501,0.39145933502192065,0.2921834696007295,0.31635719537734985,NoGesture,0.31635719537734985,NoGesture,0.2641660690451351,0.2641660690451351,0.7358339309548648
4.9,0.5377098321914673,0.2762052639075989,0.26150458430887014,0.4622901678085327,NoGesture,0.4622901678085327,NoGesture,0.24461894591219166,0.24461894591219166,0.7553810540878083
4.933333333333334,0.4967443645000458,0.24494058359589843,0.25180375129587595,0.5032556354999542,NoGesture,0.5032556354999542,NoGesture,0.3174097596944225,0.3174097596944225,0.6825902403055776
4.966666666666667,0.47568535804748535,0.23617836876662324,0.2395070034573905,0.5243146419525146,NoGesture,0.5243146419525146,NoGesture,0.31260602505529644,0.31260602505529644,0.6873939749447034
5.0,0.46492505073547363,0.23185224461973775,0.23307279225988964,0.5350749492645264,NoGesture,0.5350749492645264,NoGesture,0.27444250947835896,0.27444250947835896,0.725557490521641
5.033333333333333,0.44379615783691406,0.2312434163452508,0.2125527679439756,0.5562038421630859,NoGesture,0.5562038421630859,NoGesture,0.2168525417831814,0.2168525417831814,0.7831474582168187
5.066666666666666,0.44289714097976685,0.23680486823861457,0.2060922595417889,0.5571028590202332,NoGesture,0.5571028590202332,NoGesture,0.182920853670419,0.182920853670419,0.817079146329581
5.1,0.4366908073425293,0.2390912946653998,0.19759955172033017,0.5633091926574707,NoGesture,0.5633091926574707,NoGesture,0.15055852857707452,0.15055852857707452,0.8494414714229255
5.133333333333334,0.42338764667510986,0.2307177327346892,0.19266991394042066,0.5766123533248901,NoGesture,0.5766123533248901,NoGesture,0.19670002922474664,0.19670002922474664,0.8032999707752533
5.166666666666667,0.41299667954444885,0.23341071992290985,0.1795859719297992,0.5870033204555511,NoGesture,0.5870033204555511,NoGesture,0.1583227950523073,0.1583227950523073,0.8416772049476927
5.2,0.40138334035873413,0.22548692223317346,0.17589643008771638,0.5986166596412659,NoGesture,0.5986166596412659,NoGesture,0.13225905715680558,0.13225905715680558,0.8677409428431944
5.233333333333333,0.3823118805885315,0.21659554359694155,0.1657163028102442,0.6176881194114685,NoGesture,0.6176881194114685,NoGesture,0.1667449773907672,0.1667449773907672,0.8332550226092328
5.266666666666667,0.37886038422584534,0.21239120238646159,0.16646914796662582,0.6211396157741547,NoGesture,0.6211396157741547,NoGesture,0.23166419429262122,0.23166419429262122,0.7683358057073787
5.3,0.30267369747161865,0.1865503160545643,0.11612337239667525,0.6973263025283813,NoGesture,0.6973263025283813,NoGesture,0.23433279485895886,0.23433279485895886,0.7656672051410413
5.333333333333333,0.3316808342933655,0.21295849619446727,0.11872232821403905,0.6683191657066345,NoGesture,0.6683191657066345,NoGesture,0.35981883194506326,0.35981883194506326,0.6401811680549366
5.366666666666666,0.3558781147003174,0.23107061308873256,0.12480746979360191,0.6441218852996826,NoGesture,0.6441218852996826,NoGesture,0.3565449299522843,0.3565449299522843,0.6434550700477157
5.4,0.33741453289985657,0.22076635829232139,0.1166481645517985,0.6625854671001434,NoGesture,0.6625854671001434,NoGesture,0.393404320195833,0.393404320195833,0.606595679804167
5.433333333333334,0.2936926782131195,0.18108230346125964,0.11261037475185987,0.7063073217868805,NoGesture,0.7063073217868805,NoGesture,0.3195953186209295,0.3195953186209295,0.6804046813790705
5.466666666666667,0.28099608421325684,0.17508326215055092,0.1059128304370418,0.7190039157867432,NoGesture,0.7190039157867432,NoGesture,0.32048648476987984,0.32048648476987984,0.6795135152301203
5.5,0.28950417041778564,0.19059731119718037,0.09890685922060527,0.7104958295822144,NoGesture,0.7104958295822144,NoGesture,0.28735590108380166,0.28735590108380166,0.7126440989161983
5.533333333333333,0.27120277285575867,0.1757374736993622,0.09546528299145152,0.7287972271442413,NoGesture,0.7287972271442413,NoGesture,0.40525888684359945,0.40525888684359945,0.5947411131564007
5.566666666666666,0.39625799655914307,0.2687182263555741,0.127539770203569,0.6037420034408569,NoGesture,0.6037420034408569,NoGesture,0.28531842434953875,0.28531842434953875,0.7146815756504612
5.6,0.3736644983291626,0.24972195636898675,0.12394254196017584,0.6263355016708374,NoGesture,0.6263355016708374,NoGesture,0.2748237680722417,0.2748237680722417,0.7251762319277584
5.633333333333334,0.41517871618270874,0.26476098568066675,0.1504177057554621,0.5848212838172913,NoGesture,0.5848212838172913,NoGesture,0.2858278226948506,0.2858278226948506,0.7141721773051495
5.666666666666667,0.45346134901046753,0.28880696898939817,0.16465438002106936,0.5465386509895325,NoGesture,0.5465386509895325,NoGesture,0.27771007699867956,0.27771007699867956,0.7222899230013204
5.7,0.4423583447933197,0.2816669224634012,0.1606914091466125,0.5576416552066803,NoGesture,0.5576416552066803,NoGesture,0.2575671114066265,0.2575671114066265,0.7424328885933735
5.733333333333333,0.46339839696884155,0.2851541131150803,0.1782442700434128,0.5366016030311584,NoGesture,0.5366016030311584,NoGesture,0.21801398670303407,0.21801398670303407,0.7819860132969658
5.766666666666667,0.4425352215766907,0.27647734310595595,0.16605789165931206,0.5574647784233093,NoGesture,0.5574647784233093,NoGesture,0.20186839836981704,0.20186839836981704,0.7981316016301829
5.8,0.46532541513442993,0.3022973697223108,0.16302805927989716,0.5346745848655701,NoGesture,0.5346745848655701,NoGesture,0.1364442787285132,0.1364442787285132,0.8635557212714868
5.833333333333333,0.5642925500869751,0.34390758033929814,0.22038496974767696,0.4357074499130249,NoGesture,0.4357074499130249,NoGesture,0.21913694805958644,0.21913694805958644,0.7808630519404135
5.866666666666666,0.6492103338241577,0.3620736826679263,0.28713670920015844,0.3507896661758423,NoGesture,0.3507896661758423,NoGesture,0.2632599745394676,0.2632599745394676,0.7367400254605324
5.9,0.6473374366760254,0.3326400738605173,0.31469738210766707,0.3526625633239746,NoGesture,0.3526625633239746,NoGesture,0.4714073516542914,0.4714073516542914,0.5285926483457086
5.933333333333334,0.674518883228302,0.36707345980684636,0.30744544352368486,0.325481116771698,NoGesture,0.325481116771698,NoGesture,0.5821766747234364,0.5821766747234364,0.4178233252765637
5.966666666666667,0.5471369624137878,0.34469693594981976,0.20244005907587237,0.45286303758621216,NoGesture,0.45286303758621216,NoGesture,0.7006204753105936,0.7006204753105936,0.29937952468940654
6.0,0.5164631009101868,0.338751935057811,0.17771116585237579,0.48353689908981323,NoGesture,0.48353689908981323,NoGesture,0.5774704162900811,0.5774704162900811,0.42252958370991894
6.033333333333333,0.5223187208175659,0.3513156661345036,0.17100307024937322,0.4776812791824341,NoGesture,0.4776812791824341,NoGesture,0.3139765567792881,0.3139765567792881,0.6860234432207118
6.066666666666666,0.6552333831787109,0.4479723013465673,0.20726108183214365,0.34476661682128906,NoGesture,0.34476661682128906,NoGesture,0.15632328748055108,0.15632328748055108,0.843676712519449
6.1,0.7968472838401794,0.5560811505992298,0.24076613324094964,0.20315271615982056,NoGesture,0.20315271615982056,Gesture,0.9573814861109917,0.04261851388900826,0.9573814861109917
6.133333333333334,0.8007998466491699,0.6047323733045573,0.196067461411765,0.19920015335083008,NoGesture,0.19920015335083008,Gesture,0.9501577275009577,0.04984227249904222,0.9501577275009577
6.166666666666667,0.7863324880599976,0.5071677544121656,0.2791647570823663,0.21366751194000244,NoGesture,0.21366751194000244,Gesture,0.9649865185248301,0.03501348147516984,0.9649865185248301
6.2,0.8671694397926331,0.5556401028738165,0.31152931107515336,0.13283056020736694,NoGesture,0.13283056020736694,Gesture,0.950168294539976,0.04983170546002401,0.950168294539976
6.233333333333333,0.7346683144569397,0.41860355400548244,0.3160647385566353,0.2653316855430603,NoGesture,0.2653316855430603,NoGesture,0.07204472367242258,0.07204472367242258,0.9279552763275773
6.266666666666667,0.6954013705253601,0.44757639532163296,0.24782495447915132,0.3045986294746399,NoGesture,0.3045986294746399,NoGesture,0.06073498342849381,0.06073498342849381,0.9392650165715062
6.3,0.7065433263778687,0.4162127156931916,0.290330610684677,0.29345667362213135,NoGesture,0.29345667362213135,NoGesture,0.06768737204483286,0.06768737204483286,0.9323126279551672
6.333333333333333,0.8107874989509583,0.5592588126724962,0.2515286621151116,0.18921250104904175,NoGesture,0.18921250104904175,NoGesture,0.11442030829143439,0.11442030829143439,0.8855796917085657
6.366666666666666,0.8475803732872009,0.4921334755006086,0.35544692304645586,0.15241962671279907,NoGesture,0.15241962671279907,NoGesture,0.12970799015066403,0.12970799015066403,0.8702920098493359
6.4,0.8941342234611511,0.5681038908776408,0.32603030593623394,0.10586577653884888,NoGesture,0.10586577653884888,NoGesture,0.1579273846313991,0.1579273846313991,0.8420726153686009
6.433333333333334,0.8840507864952087,0.483804251362951,0.40024656147902427,0.11594921350479126,NoGesture,0.11594921350479126,NoGesture,0.23682755618878343,0.23682755618878343,0.7631724438112166
6.466666666666667,0.8907707929611206,0.5580637697967177,0.3327070231644029,0.1092292070388794,NoGesture,0.1092292070388794,NoGesture,0.2501561474700196,0.2501561474700196,0.7498438525299804
6.5,0.8259465098381042,0.5403427379836643,0.28560377185443997,0.17405349016189575,NoGesture,0.17405349016189575,NoGesture,0.22567663812879576,0.22567663812879576,0.7743233618712043
6.533333333333333,0.8708118200302124,0.6715905789364456,0.19922118918933762,0.1291881799697876,NoGesture,0.1291881799697876,NoGesture,0.21355204963901822,0.21355204963901822,0.7864479503609818
6.566666666666666,0.9069064855575562,0.6640012759155951,0.24290520964196105,0.09309351444244385,Gesture,0.6640012759155951,NoGesture,0.3259516690524921,0.3259516690524921,0.6740483309475079
6.6,0.9705937504768372,0.7417287584201162,0.22886497759374702,0.029406249523162842,Gesture,0.7417287584201162,NoGesture,0.33682869046042807,0.33682869046042807,0.6631713095395719
6.633333333333334,0.9936201572418213,0.5917126409320872,0.40190754592192235,0.006379842758178711,Gesture,0.5917126409320872,NoGesture,0.3590776460329203,0.3590776460329203,0.6409223539670796
6.666666666666667,0.9950217604637146,0.546911648241597,0.4481101122221176,0.0049782395362854,Gesture,0.546911648241597,NoGesture,0.26839647127435073,0.26839647127435073,0.7316035287256494
6.7,0.9896909594535828,0.3900963255669758,0.5995946338866069,0.010309040546417236,Move,0.5995946338866069,NoGesture,0.22729694134575415,0.22729694134575415,0.7727030586542458
6.733333333333333,0.9963158965110779,0.23133957439345298,0.7649763072713611,0.003684103488922119,Move,0.7649763072713611,NoGesture,0.23875302769551243,0.23875302769551243,0.7612469723044876
6.766666666666667,0.9932850003242493,0.2063159801799772,0.786969034945372,0.006714999675750732,Move,0.786969034945372,NoGesture,0.40946634290160133,0.40946634290160133,0.5905336570983988
6.8,0.9852447509765625,0.2214580085731086,0.7637866983595814,0.0147552490234375,Move,0.7637866983595814,NoGesture,0.5251432306121405,0.5251432306121405,0.47485676938785953
6.833333333333333,0.984193742275238,0.20758789527195542,0.7766058616689122,0.015806257724761963,Move,0.7766058616689122,NoGesture,0.5583012382726427,0.5583012382726427,0.4416987617273573
6.866666666666666,0.9932180047035217,0.1859844998079314,0.8072335344957935,0.0067819952964782715,Move,0.8072335344957935,NoGesture,0.811812465839643,0.811812465839643,0.1881875341603571
6.9,0.9968904852867126,0.14514280417569925,0.8517476662561876,0.0031095147132873535,Move,0.8517476662561876,NoGesture,0.6303246437252499,0.6303246437252499,0.36967535627475007
6.933333333333334,0.9947840571403503,0.12947343304033776,0.8653106389234502,0.005215942859649658,Move,0.8653106389234502,NoGesture,0.5040967471951862,0.5040967471951862,0.4959032528048139
6.966666666666667,0.9902579188346863,0.1408561335987013,0.8494018147479707,0.00974208116531372,Move,0.8494018147479707,NoGesture,0.46358796828300014,0.46358796828300014,0.5364120317169998
7.0,0.9844165444374084,0.15466070600654458,0.8297558237619143,0.015583455562591553,Move,0.8297558237619143,NoGesture,0.31377418787872635,0.31377418787872635,0.6862258121212736
7.033333333333333,0.9827190637588501,0.166621776092164,0.8160972876666861,0.017280936241149902,Move,0.8160972876666861,NoGesture,0.31011979757184893,0.31011979757184893,0.6898802024281511
7.066666666666666,0.9758731126785278,0.1743913754441273,0.8014817663176856,0.024126887321472168,Move,0.8014817663176856,NoGesture,0.2299362579960132,0.2299362579960132,0.7700637420039868
7.1,0.9773483872413635,0.16734925578597348,0.8099991023281383,0.022651612758636475,Move,0.8099991023281383,NoGesture,0.19420997573380006,0.19420997573380006,0.8057900242662
7.133333333333334,0.9874838590621948,0.1490938844836709,0.8383899598638678,0.012516140937805176,Move,0.8383899598638678,NoGesture,0.16105600660813552,0.16105600660813552,0.8389439933918645
7.166666666666667,0.9884743094444275,0.1472828527487655,0.8411914125074169,0.01152569055557251,Move,0.8411914125074169,NoGesture,0.11362377536615648,0.11362377536615648,0.8863762246338435
7.2,0.9816612601280212,0.14322425706139175,0.8384370469503075,0.01833873987197876,Move,0.8384370469503075,NoGesture,0.110467704111208,0.110467704111208,0.889532295888792
7.233333333333333,0.9843361377716064,0.15649481664240739,0.8278413211291991,0.015663862228393555,Move,0.8278413211291991,NoGesture,0.11565549181600318,0.11565549181600318,0.8843445081839968
7.266666666666667,0.9862967133522034,0.13626886072333377,0.8500277938410044,0.01370328664779663,Move,0.8500277938410044,NoGesture,0.06532941735181842,0.06532941735181842,0.9346705826481816
7.3,0.9860523343086243,0.16591479002025977,0.8201375442883645,0.013947665691375732,Move,0.8201375442883645,Gesture,0.9672531772166912,0.03274682278330868,0.9672531772166912
7.333333333333333,0.9802373647689819,0.15647093832852121,0.8237664556538107,0.019762635231018066,Move,0.8237664556538107,Gesture,0.9726811206549103,0.027318879345089774,0.9726811206549103
7.366666666666666,0.9782969951629639,0.1775340113349344,0.8007630129835519,0.021703004837036133,Move,0.8007630129835519,Gesture,0.966092279258764,0.033907720741236005,0.966092279258764
7.4,0.9739335179328918,0.19946516408069748,0.774468382877675,0.026066482067108154,Move,0.774468382877675,Gesture,0.9521833976582156,0.04781660234178428,0.9521833976582156
7.433333333333334,0.9632003903388977,0.3207339361113437,0.6424664829331626,0.036799609661102295,Move,0.6424664829331626,NoGesture,0.061123107310736904,0.061123107310736904,0.9388768926892631
7.466666666666667,0.947608470916748,0.3018181951907195,0.6457902192441622,0.05239152908325195,Move,0.6457902192441622,NoGesture,0.1575714488414022,0.1575714488414022,0.8424285511585978
7.5,0.9215443730354309,0.40838888306454457,0.5131555174350488,0.07845562696456909,Move,0.5131555174350488,NoGesture,0.17047730503345024,0.17047730503345024,0.8295226949665497
7.533333333333333,0.7550456523895264,0.4548597115701227,0.30018598582363154,0.24495434761047363,NoGesture,0.24495434761047363,NoGesture,0.22267146052759554,0.22267146052759554,0.7773285394724043
7.566666666666666,0.5066179633140564,0.4235428064501079,0.08307517951153631,0.4933820366859436,NoGesture,0.4933820366859436,NoGesture,0.32392451290224417,0.32392451290224417,0.6760754870977558
7.6,0.35661211609840393,0.315096874300993,0.0415152311695417,0.6433878839015961,NoGesture,0.6433878839015961,NoGesture,0.43287847314087924,0.43287847314087924,0.5671215268591209
7.633333333333334,0.3958456218242645,0.36996982136638934,0.02587583289995199,0.6041543781757355,NoGesture,0.6041543781757355,NoGesture,0.4718210487882085,0.4718210487882085,0.5281789512117915
7.666666666666667,0.35292693972587585,0.3408217036490324,0.0121052531686624,0.6470730602741241,NoGesture,0.6470730602741241,NoGesture,0.5509150810665907,0.5509150810665907,0.44908491893340935
7.7,0.316284716129303,0.3122733605991179,0.004011367018145806,0.683715283870697,NoGesture,0.683715283870697,NoGesture,0.657344294606753,0.657344294606753,0.34265570539324697
7.733333333333333,0.17566056549549103,0.17407927430357617,0.0015812969177976116,0.824339434504509,NoGesture,0.824339434504509,NoGesture,0.5907962805658795,0.5907962805658795,0.4092037194341204
7.766666666666667,0.08460544049739838,0.08385447539227542,0.0007509658142775683,0.9153945595026016,NoGesture,0.9153945595026016,NoGesture,0.540628595802683,0.540628595802683,0.45937140419731715
7.8,0.09417954832315445,0.09278991124826996,0.0013896396185191298,0.9058204516768456,NoGesture,0.9058204516768456,NoGesture,0.4036321436610462,0.4036321436610462,0.5963678563389537
7.833333333333333,0.047609008848667145,0.04702844578609877,0.0005805626191749264,0.9523909911513329,NoGesture,0.9523909911513329,NoGesture,0.4464640603247132,0.4464640603247132,0.5535359396752868
7.866666666666666,0.030867785215377808,0.030319680717314057,0.000548103405644873,0.9691322147846222,NoGesture,0.9691322147846222,NoGesture,0.5985349315547851,0.5985349315547851,0.401465068445215
7.9,0.01987563818693161,0.019412909148813107,0.00046272781641688854,0.9801243618130684,NoGesture,0.9801243618130684,NoGesture,0.707026224293527,0.707026224293527,0.292973775706473
7.933333333333334,0.009070311672985554,0.008885444481949167,0.00018486697140434986,0.9909296883270144,NoGesture,0.9909296883270144,NoGesture,0.835454120942857,0.835454120942857,0.164545879057143
7.966666666666667,0.007278606295585632,0.007160588274729207,0.00011801822421833585,0.9927213937044144,NoGesture,0.9927213937044144,NoGesture,0.8458771642310547,0.8458771642310547,0.15412283576894525
8.0,0.005447117146104574,0.00536101276451359,8.61039858951777e-05,0.9945528828538954,NoGesture,0.9945528828538954,NoGesture,0.9469657151954198,0.9469657151954198,0.05303428480458031
8.033333333333333,0.003448467468842864,0.003392519235078592,5.594827872717036e-05,0.9965515325311571,NoGesture,0.9965515325311571,NoGesture,0.9309101194635547,0.9309101194635547,0.06908988053644531
8.066666666666666,0.0020221408922225237,0.0019947568263219556,2.7384112982204627e-05,0.9979778591077775,NoGesture,0.9979778591077775,NoGesture,0.9591024128622425,0.9591024128622425,0.04089758713775751
8.1,0.0013556302292272449,0.0013402343239562672,1.5395991122952018e-05,0.9986443697707728,NoGesture,0.9986443697707728,NoGesture,0.9746750977407697,0.9746750977407697,0.025324902259230245
8.133333333333333,0.0014196153497323394,0.0014029591784391962,1.6656128985308855e-05,0.9985803846502677,NoGesture,0.9985803846502677,NoGesture,0.9795255540269284,0.9795255540269284,0.020474445973071465
8.166666666666666,0.001519532292149961,0.0014970432863932598,2.2489080760961714e-05,0.99848046770785,NoGesture,0.99848046770785,NoGesture,0.9886287073059881,0.9886287073059881,0.011371292694011924
8.2,0.0017148912884294987,0.001687016512083861,2.787482106491289e-05,0.9982851087115705,NoGesture,0.9982851087115705,NoGesture,0.9913305578416224,0.9913305578416224,0.00866944215837762
8.233333333333333,0.001836879295296967,0.001806166788606886,3.071259222643869e-05,0.998163120704703,NoGesture,0.998163120704703,NoGesture,0.9888455217384563,0.9888455217384563,0.011154478261543636
8.266666666666667,0.0014809840358793736,0.0014561571945782281,2.4826753027618054e-05,0.9985190159641206,NoGesture,0.9985190159641206,NoGesture,0.9871485413227505,0.9871485413227505,0.012851458677249484
8.3,0.0012673651799559593,0.001244413149844581,2.295209384897169e-05,0.998732634820044,NoGesture,0.998732634820044,NoGesture,0.9861084199899895,0.9861084199899895,0.013891580010010339
8.333333333333334,0.0009185860399156809,0.0009041101053101214,1.4475896963563224e-05,0.9990814139600843,NoGesture,0.9990814139600843,NoGesture,0.9885782612952487,0.9885782612952487,0.011421738704751213
8.366666666666667,0.0008429498411715031,0.0008301191511458084,1.2830715147557625e-05,0.9991570501588285,NoGesture,0.9991570501588285,NoGesture,0.9916240310951199,0.9916240310951199,0.008375968904880102
8.4,0.0009622011566534638,0.0009441140495210221,1.808707128765543e-05,0.9990377988433465,NoGesture,0.9990377988433465,NoGesture,0.9917795719194411,0.9917795719194411,0.008220428080558952
8.433333333333334,0.0016442418564110994,0.001594677378983153,4.956452643017223e-05,0.9983557581435889,NoGesture,0.9983557581435889,NoGesture,0.9891530582037263,0.9891530582037263,0.010846941796273695
8.466666666666667,0.0022673760540783405,0.0021777567265710285,8.961936129384812e-05,0.9977326239459217,NoGesture,0.9977326239459217,NoGesture,0.9935993440580005,0.9935993440580005,0.006400655941999427
8.5,0.0026232944801449776,0.0025117554738557923,0.00011153895742651784,0.997376705519855,NoGesture,0.997376705519855,NoGesture,0.9865432090549651,0.9865432090549651,0.013456790945034889
8.533333333333333,0.002613714197650552,0.0024816023594694953,0.00013211186739158897,0.9973862858023494,NoGesture,0.9973862858023494,NoGesture,0.9855079473578252,0.9855079473578252,0.014492052642174718
8.566666666666666,0.0018620967166498303,0.0017367095306748959,0.0001253871721012328,0.9981379032833502,NoGesture,0.9981379032833502,NoGesture,0.9842923004509518,0.9842923004509518,0.01570769954904817
8.6,0.0013633598573505878,0.0012346681287483674,0.00012869179970697794,0.9986366401426494,NoGesture,0.9986366401426494,NoGesture,0.9880535140473488,0.9880535140473488,0.011946485952651199
8.633333333333333,0.0016049216501414776,0.0013841618131571476,0.0002207598608995262,0.9983950783498585,NoGesture,0.9983950783498585,NoGesture,0.9957352374081674,0.9957352374081674,0.004264762591832676
8.666666666666666,0.0020088397432118654,0.001618768845873017,0.0003900708075367139,0.9979911602567881,NoGesture,0.9979911602567881,NoGesture,0.995471867376612,0.995471867376612,0.004528132623387976
8.7,0.0026075211353600025,0.0019745202302486053,0.0006330009439664899,0.99739247886464,NoGesture,0.99739247886464,NoGesture,0.9964917619607319,0.9964917619607319,0.0035082380392681086
8.733333333333333,0.003170712385326624,0.002261828807657823,0.0009088834831742082,0.9968292876146734,NoGesture,0.9968292876146734,NoGesture,0.996486585746808,0.996486585746808,0.003513414253191934
8.766666666666667,0.0038258086424320936,0.0026242235202291048,0.0012015851222029889,0.9961741913575679,NoGesture,0.9961741913575679,NoGesture,0.9981454393660885,0.9981454393660885,0.0018545606339115926
8.8,0.0040221745148301125,0.002731083666774381,0.00129109072818559,0.9959778254851699,NoGesture,0.9959778254851699,NoGesture,0.998414438469973,0.998414438469973,0.0015855615300269495
8.833333333333334,0.004413523245602846,0.0029404756216491745,0.001473047492420429,0.9955864767543972,NoGesture,0.9955864767543972,NoGesture,0.9986672006694236,0.9986672006694236,0.0013327993305762853
8.866666666666667,0.0043955170549452305,0.002907269736661,0.0014882473182842304,0.9956044829450548,NoGesture,0.9956044829450548,NoGesture,0.9987227266967776,0.9987227266967776,0.0012772733032223736
8.9,0.004655851982533932,0.0030777699245532752,0.0015780820579806565,0.9953441480174661,NoGesture,0.9953441480174661,NoGesture,0.9986590082715572,0.9986590082715572,0.00134099172844281
8.933333333333334,0.005215341690927744,0.0033961058364351815,0.0018192358544925624,0.9947846583090723,NoGesture,0.9947846583090723,NoGesture,0.9984425113287941,0.9984425113287941,0.0015574886712059863
8.966666666666667,0.005243764724582434,0.003415858821484319,0.0018279055905453812,0.9947562352754176,NoGesture,0.9947562352754176,NoGesture,0.9984466347447281,0.9984466347447281,0.0015533652552720243
9.0,0.005316934548318386,0.0034489414152077957,0.0018679931331105903,0.9946830654516816,NoGesture,0.9946830654516816,NoGesture,0.9984961549356324,0.9984961549356324,0.0015038450643675325
9.033333333333333,0.0056031616404652596,0.0035755502646778736,0.0020276112088001563,0.9943968383595347,NoGesture,0.9943968383595347,NoGesture,0.9986437116964854,0.9986437116964854,0.0013562883035147376
9.066666666666666,0.005597537383437157,0.003567450116802595,0.002030087600273789,0.9944024626165628,NoGesture,0.9944024626165628,NoGesture,0.9983537772726091,0.9983537772726091,0.0016462227273910232
9.1,0.005574922077357769,0.0035136294022361514,0.0020612930074128677,0.9944250779226422,NoGesture,0.9944250779226422,NoGesture,0.9983817068981019,0.9983817068981019,0.0016182931018980133
9.133333333333333,0.005195023491978645,0.0032693056864667724,0.001925717495864343,0.9948049765080214,NoGesture,0.9948049765080214,NoGesture,0.9980352800121244,0.9980352800121244,0.001964719987875732
9.166666666666666,0.005208316259086132,0.0032619863603609023,0.0019463298987252298,0.9947916837409139,NoGesture,0.9947916837409139,NoGesture,0.9978390831229205,0.9978390831229205,0.002160916877079417
9.2,0.005265246145427227,0.003291498460250286,0.001973747528260378,0.9947347538545728,NoGesture,0.9947347538545728,NoGesture,0.997776106026754,0.997776106026754,0.002223893973245907
9.233333333333333,0.005505251698195934,0.003398947268567598,0.002106304429628336,0.9944947483018041,NoGesture,0.9944947483018041,NoGesture,0.9983087367503019,0.9983087367503019,0.0016912632496981223
9.266666666666667,0.005181389395147562,0.0032162236761374974,0.0019651655645926275,0.9948186106048524,NoGesture,0.9948186106048524,NoGesture,0.9969515010375091,0.9969515010375091,0.0030484989624907973
9.3,0.005169921088963747,0.003221333059352738,0.0019485881836866642,0.9948300789110363,NoGesture,0.9948300789110363,NoGesture,0.9955861596570255,0.9955861596570255,0.004413840342974556
9.333333333333334,0.005590450018644333,0.003426561526520544,0.002163888325515395,0.9944095499813557,NoGesture,0.9944095499813557,NoGesture,0.9950528276025244,0.9950528276025244,0.004947172397475608
9.366666666666667,0.005924809258431196,0.003592585107397378,0.002332224327606894,0.9940751907415688,NoGesture,0.9940751907415688,NoGesture,0.9972697292674676,0.9972697292674676,0.002730270732532487
9.4,0.006108032073825598,0.00369501766217592,0.0024130145936832187,0.9938919679261744,NoGesture,0.9938919679261744,NoGesture,0.998068138333287,0.998068138333287,0.001931861666713039
9.433333333333334,0.005736888386309147,0.0035082027931864768,0.002228685422150073,0.9942631116136909,NoGesture,0.9942631116136909,NoGesture,0.9988326165310921,0.9988326165310921,0.0011673834689079371
9.466666666666667,0.00577240064740181,0.003540967991759736,0.0022314323115801837,0.9942275993525982,NoGesture,0.9942275993525982,NoGesture,0.9988100168936492,0.9988100168936492,0.00118998310635078
9.5,0.005854294169694185,0.0035804345639655344,0.002273859780200213,0.9941457058303058,NoGesture,0.9941457058303058,NoGesture,0.9987250488512575,0.9987250488512575,0.0012749511487424208
9.533333333333333,0.006067096255719662,0.0036855907502331142,0.002381505324672989,0.9939329037442803,NoGesture,0.9939329037442803,NoGesture,0.9987416046878317,0.9987416046878317,0.0012583953121682457
9.566666666666666,0.005967638920992613,0.003634746492703733,0.0023328922504393806,0.9940323610790074,NoGesture,0.9940323610790074,NoGesture,0.9988342255245893,0.9988342255245893,0.0011657744754106588
9.6,0.006293876096606255,0.0038145736399280983,0.002479302269106032,0.9937061239033937,NoGesture,0.9937061239033937,NoGesture,0.9973045603661429,0.9973045603661429,0.0026954396338571434
9.633333333333333,0.0065356469713151455,0.0039449248570870565,0.002590721724673173,0.9934643530286849,NoGesture,0.9934643530286849,NoGesture,0.9973036835889868,0.9973036835889868,0.00269631641101314
9.666666666666666,0.006363364867866039,0.0038682471724192924,0.0024951175058036956,0.993636635132134,NoGesture,0.993636635132134,NoGesture,0.9973244217457272,0.9973244217457272,0.0026755782542727756
9.7,0.0060907634906470776,0.0037240413305934805,0.0023667219785347,0.9939092365093529,NoGesture,0.9939092365093529,NoGesture,0.9982176835741232,0.9982176835741232,0.0017823164258768303
9.733333333333333,0.00544099323451519,0.0033873098547716474,0.0020536832175893083,0.9945590067654848,NoGesture,0.9945590067654848,NoGesture,0.9980518946974488,0.9980518946974488,0.0019481053025511195
9.766666666666667,0.0050149462185800076,0.0031608305552563443,0.0018541155138666193,0.99498505378142,NoGesture,0.99498505378142,NoGesture,0.9983186568338716,0.9983186568338716,0.0016813431661284427
9.8,0.004904160741716623,0.003101238842699583,0.0018029220451724198,0.9950958392582834,NoGesture,0.9950958392582834,NoGesture,0.9985426788983178,0.9985426788983178,0.0014573211016822615
9.833333333333334,0.0046181692741811275,0.002940714447520032,0.001677454689028926,0.9953818307258189,NoGesture,0.9953818307258189,NoGesture,0.9985970924199449,0.9985970924199449,0.0014029075800550625
9.866666666666667,0.004165053367614746,0.0026698293827323027,0.0014952239848824433,0.9958349466323853,NoGesture,0.9958349466323853,NoGesture,0.9987345354338272,0.9987345354338272,0.0012654645661728944
9.9,0.0038576077204197645,0.002485082494174215,0.0013725252262455495,0.9961423922795802,NoGesture,0.9961423922795802,NoGesture,0.9990095064753718,0.9990095064753718,0.0009904935246281932
9.933333333333334,0.0038995558861643076,0.00251491456510447,0.0013846413210598374,0.9961004441138357,NoGesture,0.9961004441138357,NoGesture,0.9989049025860746,0.9989049025860746,0.00109509741392543
9.966666666666667,0.003896391950547695,0.00251358055259554,0.001382811397952155,0.9961036080494523,NoGesture,0.9961036080494523,NoGesture,0.9973255245729752,0.9973255245729752,0.0026744754270247527
10.0,0.003982797730714083,0.002554356527568913,0.0014284413218417918,0.9960172022692859,NoGesture,0.9960172022692859,NoGesture,0.9965091398738991,0.9965091398738991,0.0034908601261007845
10.033333333333333,0.003929335158318281,0.0025233539022492812,0.0014059811389656868,0.9960706648416817,NoGesture,0.9960706648416817,NoGesture,0.996485354638349,0.996485354638349,0.0035146453616510917
10.066666666666666,0.0041386582888662815,0.0026605778483984877,0.001478080687151051,0.9958613417111337,NoGesture,0.9958613417111337,NoGesture,0.9957720682054058,0.9957720682054058,0.004227931794594139
10.1,0.004379370715469122,0.00278785866154882,0.0015915117928894662,0.9956206292845309,NoGesture,0.9956206292845309,NoGesture,0.996866311524313,0.996866311524313,0.003133688475686994
10.133333333333333,0.004126365762203932,0.002639948024903388,0.001486417614325261,0.9958736342377961,NoGesture,0.9958736342377961,NoGesture,0.9968483361897535,0.9968483361897535,0.0031516638102465112
10.166666666666666,0.0038584470748901367,0.0024875591919979456,0.001370887882892191,0.9961415529251099,NoGesture,0.9961415529251099,NoGesture,0.9969282793599714,0.9969282793599714,0.003071720640028529
10.2,0.0037670473102480173,0.0024342989829795325,0.0013327482150017264,0.996232952689752,NoGesture,0.996232952689752,NoGesture,0.9966182824719235,0.9966182824719235,0.0033817175280764595
10.233333333333333,0.003590733278542757,0.0023290355785705597,0.001261697913996579,0.9964092667214572,NoGesture,0.9964092667214572,NoGesture,0.9965510268943114,0.9965510268943114,0.003448973105688501
10.266666666666667,0.0035636108368635178,0.002315803195137578,0.0012478077479298189,0.9964363891631365,NoGesture,0.9964363891631365,NoGesture,0.9958106212690954,0.9958106212690954,0.004189378730904644
10.3,0.003265519393607974,0.0021479185775769988,0.0011176007187109135,0.996734480606392,NoGesture,0.996734480606392,NoGesture,0.9962835528718171,0.9962835528718171,0.003716447128182797
10.333333333333334,0.002973716240376234,0.0019838983670247556,0.0009898177847278283,0.9970262837596238,NoGesture,0.9970262837596238,NoGesture,0.9970910138897661,0.9970910138897661,0.0029089861102339627
10.366666666666667,0.002671502996236086,0.0018055408041518506,0.0008659622717012289,0.9973284970037639,NoGesture,0.9973284970037639,NoGesture,0.9970600176054987,0.9970600176054987,0.002939982394501413
10.4,0.0024094057735055685,0.0016355237077122081,0.0007738819221815851,0.9975905942264944,NoGesture,0.9975905942264944,NoGesture,0.9973668454684774,0.9973668454684774,0.002633154531522456
10.433333333333334,0.0022410897072404623,0.0015265602409637175,0.0007145295330664228,0.9977589102927595,NoGesture,0.9977589102927595,NoGesture,0.9972998511505279,0.9972998511505279,0.0027001488494721006
10.466666666666667,0.0020978073589503765,0.0014427113307234618,0.0006550960282269147,0.9979021926410496,NoGesture,0.9979021926410496,NoGesture,0.997650120507335,0.997650120507335,0.002349879492664878
10.5,0.0019523544469848275,0.0013446820865690295,0.000607672360415798,0.9980476455530152,NoGesture,0.9980476455530152,NoGesture,0.997711253296106,0.997711253296106,0.0022887467038940337
10.533333333333333,0.0018183861393481493,0.0012602518551764752,0.0005581341757874142,0.9981816138606519,NoGesture,0.9981816138606519,NoGesture,0.9977769055201589,0.9977769055201589,0.0022230944798411366
10.566666666666666,0.0018213018774986267,0.0012578395619264882,0.0005634623698511643,0.9981786981225014,NoGesture,0.9981786981225014,NoGesture,0.9977570519450789,0.9977570519450789,0.0022429480549210987
10.6,0.0018080101581290364,0.0012467728597074304,0.0005612373523045076,0.998191989841871,NoGesture,0.998191989841871,NoGesture,0.9979504262549621,0.9979504262549621,0.0020495737450377935
10.633333333333333,0.0018623520154505968,0.0012749304380521576,0.0005874215773984393,0.9981376479845494,NoGesture,0.9981376479845494,NoGesture,0.9974794502271557,0.9974794502271557,0.002520549772844325
10.666666666666666,0.0019020522013306618,0.0012948844137672388,0.0006071676741922771,0.9980979477986693,NoGesture,0.9980979477986693,NoGesture,0.9974936078476788,0.9974936078476788,0.002506392152321145
10.7,0.0019506836542859674,0.001321845150653797,0.0006288385617670735,0.998049316345714,NoGesture,0.998049316345714,NoGesture,0.9979772230466153,0.9979772230466153,0.0020227769533846802
10.733333333333333,0.0019571417942643166,0.0013304315775300446,0.0006267101584069013,0.9980428582057357,NoGesture,0.9980428582057357,NoGesture,0.9979542667435713,0.9979542667435713,0.002045733256428799
10.766666666666667,0.001827655709348619,0.0012487328182382712,0.0005789228366419631,0.9981723442906514,NoGesture,0.9981723442906514,NoGesture,0.9968023772239063,0.9968023772239063,0.0031976227760938196
10.8,0.001745291636325419,0.0011973332929231112,0.0005479583954160518,0.9982547083636746,NoGesture,0.9982547083636746,NoGesture,0.9969354626204899,0.9969354626204899,0.0030645373795101906
10.833333333333334,0.001665635034441948,0.0011533641924171834,0.00051227074274518,0.998334364965558,NoGesture,0.998334364965558,NoGesture,0.995841785141466,0.995841785141466,0.004158214858533972
10.866666666666667,0.001581182237714529,0.0011007596256029928,0.00048042256498863345,0.9984188177622855,NoGesture,0.9984188177622855,NoGesture,0.9963275398337288,0.9963275398337288,0.00367246016627109
10.9,0.0015431768260896206,0.0010732712293184399,0.00046990555078092744,0.9984568231739104,NoGesture,0.9984568231739104,NoGesture,0.9976822941338487,0.9976822941338487,0.002317705866151377
10.933333333333334,0.0015382817946374416,0.0010688800069039162,0.0004694017418891555,0.9984617182053626,NoGesture,0.9984617182053626,NoGesture,0.9982187225009564,0.9982187225009564,0.0017812774990434784
10.966666666666667,0.0015422740252688527,0.0010711484242550001,0.0004711256469772003,0.9984577259747311,NoGesture,0.9984577259747311,NoGesture,0.9974069481822161,0.9974069481822161,0.0025930518177838145
11.0,0.0015105969505384564,0.001056175764956202,0.00045442123060155173,0.9984894030494615,NoGesture,0.9984894030494615,NoGesture,0.9965037828291962,0.9965037828291962,0.0034962171708038223
11.033333333333333,0.0014708417002111673,0.001027736288361114,0.00044310541185005325,0.9985291582997888,NoGesture,0.9985291582997888,NoGesture,0.9970449228139285,0.9970449228139285,0.0029550771860714963
11.066666666666666,0.0014462597901001573,0.001010551039502823,0.00043570883680113526,0.9985537402098998,NoGesture,0.9985537402098998,NoGesture,0.9957308769797143,0.9957308769797143,0.004269123020285721
11.1,0.0014610878424718976,0.001020759414974412,0.00044032838395367466,0.9985389121575281,NoGesture,0.9985389121575281,NoGesture,0.9938958074237225,0.9938958074237225,0.00610419257627738
11.133333333333333,0.001432250370271504,0.0010045506755593722,0.0004276996947121317,0.9985677496297285,NoGesture,0.9985677496297285,NoGesture,0.9931016195557362,0.9931016195557362,0.006898380444263836
11.166666666666666,0.0013427691301330924,0.0009510640789442346,0.00039170501117121934,0.9986572308698669,NoGesture,0.9986572308698669,NoGesture,0.993999371508805,0.993999371508805,0.006000628491195083
11.2,0.0012622441863641143,0.0009036405427179095,0.0003586036060283966,0.9987377558136359,NoGesture,0.9987377558136359,NoGesture,0.994902283692575,0.994902283692575,0.005097716307424932
11.233333333333333,0.0012090455275028944,0.0008735747006067274,0.0003354708989608962,0.9987909544724971,NoGesture,0.9987909544724971,NoGesture,0.9971932778843777,0.9971932778843777,0.002806722115622201
11.266666666666667,0.0011437871726229787,0.000834215755146854,0.00030957141747612466,0.998856212827377,NoGesture,0.998856212827377,NoGesture,0.9973557935136157,0.9973557935136157,0.002644206486384283
11.3,0.0010544422548264265,0.0007771578057045453,0.00027728435484739716,0.9989455577451736,NoGesture,0.9989455577451736,NoGesture,0.9953011568093791,0.9953011568093791,0.004698843190620919
11.333333333333334,0.0009229875286109746,0.0006943874161810179,0.00022860018119788637,0.999077012471389,NoGesture,0.999077012471389,NoGesture,0.9939429194248294,0.9939429194248294,0.006057080575170522
11.366666666666667,0.0008755932794883847,0.0006625048953199097,0.00021308843635790137,0.9991244067205116,NoGesture,0.9991244067205116,NoGesture,0.9929026828132733,0.9929026828132733,0.007097317186726675
11.4,0.0008220180752687156,0.0006265609407496812,0.0001954571957641536,0.9991779819247313,NoGesture,0.9991779819247313,NoGesture,0.9902161415617611,0.9902161415617611,0.009783858438238903
11.433333333333334,0.0007964987307786942,0.0006091143366473428,0.00018738441786886328,0.9992035012692213,NoGesture,0.9992035012692213,NoGesture,0.9920160231313085,0.9920160231313085,0.00798397686869143
11.466666666666667,0.0007586567080579698,0.0005824739906014967,0.00017618269484674133,0.999241343291942,NoGesture,0.999241343291942,NoGesture,0.9940967356512184,0.9940967356512184,0.0059032643487816686
11.5,0.0007701512076891959,0.0005915052820607315,0.0001786458682477279,0.9992298487923108,NoGesture,0.9992298487923108,NoGesture,0.9957581171589835,0.9957581171589835,0.004241882841016504
11.533333333333333,0.0007503776578232646,0.0005795651518353262,0.00017081249480643997,0.9992496223421767,NoGesture,0.9992496223421767,NoGesture,0.9972354303146965,0.9972354303146965,0.002764569685303503
11.566666666666666,0.0007574784685857594,0.0005852363943506037,0.000172242062947847,0.9992425215314142,NoGesture,0.9992425215314142,NoGesture,0.997428550325221,0.997428550325221,0.0025714496747790425
11.6,0.0007284843013621867,0.0005657371331688026,0.0001627471247723361,0.9992715156986378,NoGesture,0.9992715156986378,NoGesture,0.9965189099651186,0.9965189099651186,0.0034810900348812737
11.633333333333333,0.0006824495503678918,0.0005347347446153367,0.00014771480575255513,0.9993175504496321,NoGesture,0.9993175504496321,NoGesture,0.9967168118109546,0.9967168118109546,0.0032831881890453027
11.666666666666666,0.0006485568592324853,0.0005117979758835767,0.00013675891234165953,0.9993514431407675,NoGesture,0.9993514431407675,NoGesture,0.9934728359448564,0.9934728359448564,0.006527164055143663
11.7,0.0006781346164643764,0.0005304313451049703,0.00014770328146439943,0.9993218653835356,NoGesture,0.9993218653835356,NoGesture,0.9918387083066118,0.9918387083066118,0.00816129169338806
11.733333333333333,0.0007468744297511876,0.0005772040344761628,0.00016967039527502475,0.9992531255702488,NoGesture,0.9992531255702488,NoGesture,0.9880254597748885,0.9880254597748885,0.01197454022511139
11.766666666666667,0.0008365412941202521,0.0006385717608320754,0.0001979695457536134,0.9991634587058797,NoGesture,0.9991634587058797,NoGesture,0.9895936109332971,0.9895936109332971,0.010406389066702739
11.8,0.0008563459268771112,0.0006531470005146055,0.00020319893912305442,0.9991436540731229,NoGesture,0.9991436540731229,NoGesture,0.9898307086121164,0.9898307086121164,0.010169291387883599
11.833333333333334,0.0009371722117066383,0.0007119461566589824,0.00022522599918783914,0.9990628277882934,NoGesture,0.9990628277882934,NoGesture,0.9957808825947367,0.9957808825947367,0.004219117405263288
11.866666666666667,0.000962044345214963,0.0007286655529522706,0.00023337874925595872,0.999037955654785,NoGesture,0.999037955654785,NoGesture,0.9950120641829354,0.9950120641829354,0.004987935817064489
11.9,0.0010705358581617475,0.0008016710197561866,0.0002688649341189252,0.9989294641418383,NoGesture,0.9989294641418383,NoGesture,0.9944826873693399,0.9944826873693399,0.005517312630660003
11.933333333333334,0.0011648561339825392,0.0008657639918093624,0.00029909217688859485,0.9988351438660175,NoGesture,0.9988351438660175,NoGesture,0.9941604799961954,0.9941604799961954,0.005839520003804553
11.966666666666667,0.001301703741773963,0.0009529591667674364,0.00034874457500652656,0.998698296258226,NoGesture,0.998698296258226,NoGesture,0.9941898335258684,0.9941898335258684,0.005810166474131562
12.0,0.0015255097532644868,0.0010947120546068376,0.00043079778958511616,0.9984744902467355,NoGesture,0.9984744902467355,NoGesture,0.9906385741697705,0.9906385741697705,0.00936142583022954
12.033333333333333,0.0017284068744629622,0.0012077210398232507,0.0005206857831291725,0.998271593125537,NoGesture,0.998271593125537,NoGesture,0.9893179382597108,0.9893179382597108,0.010682061740289205
12.066666666666666,0.001839849748648703,0.0012631940652866464,0.0005766556285302614,0.9981601502513513,NoGesture,0.9981601502513513,NoGesture,0.989084692777726,0.989084692777726,0.010915307222274045
