time,has_motion,Gesture_confidence,Move_confidence,NoGesture_confidence,cnn_class,cnn_confidence,lgbm_class,lgbm_confidence,lgbm_nogesture_prob,lgbm_gesture_prob
0.8,0.12143158167600632,0.09705750741711228,0.024374076068365613,0.8785684183239937,NoGesture,0.8785684183239937,NoGesture,0.8185755620336936,0.8185755620336936,0.18142443796630633
0.8333333333333334,0.136585995554924,0.09845374767757775,0.038132256018506006,0.863414004445076,NoGesture,0.863414004445076,NoGesture,0.8226077955295796,0.8226077955295796,0.17739220447042045
0.8666666666666667,0.10696599632501602,0.07627717317386074,0.0306888295268255,0.893034003674984,NoGesture,0.893034003674984,NoGesture,0.8418491529458157,0.8418491529458157,0.15815084705418422
0.9,0.09987001121044159,0.06797807041761672,0.0318919378164666,0.9001299887895584,NoGesture,0.9001299887895584,NoGesture,0.9041884193694214,0.9041884193694214,0.09581158063057857
0.9333333333333333,0.07113056629896164,0.04831123997922493,0.022819322080024573,0.9288694337010384,NoGesture,0.9288694337010384,NoGesture,0.938399715069141,0.938399715069141,0.061600284930859006
0.9666666666666667,0.074515700340271,0.04929975565241307,0.025215942467117003,0.925484299659729,NoGesture,0.925484299659729,NoGesture,0.9376121425546052,0.9376121425546052,0.06238785744539472
1.0,0.0710558071732521,0.046249077581897335,0.02480672959135477,0.9289441928267479,NoGesture,0.9289441928267479,NoGesture,0.9579276411179946,0.9579276411179946,0.04207235888200554
1.0333333333333334,0.06713909655809402,0.04287675528981527,0.024262341268278753,0.932860903441906,NoGesture,0.932860903441906,NoGesture,0.9583299327732762,0.9583299327732762,0.041670067226723846
1.0666666666666667,0.06429659575223923,0.04077784997136025,0.023518747697066855,0.9357034042477608,NoGesture,0.9357034042477608,NoGesture,0.955586356097629,0.955586356097629,0.04441364390237097
1.1,0.06543326377868652,0.04101039117711025,0.024422872601576273,0.9345667362213135,NoGesture,0.9345667362213135,NoGesture,0.9399492235426924,0.9399492235426924,0.060050776457307616
1.1333333333333333,0.06723972409963608,0.0425419299326677,0.024697796170868314,0.9327602759003639,NoGesture,0.9327602759003639,NoGesture,0.8959136116705357,0.8959136116705357,0.10408638832946424
1.1666666666666667,0.06464511156082153,0.0407991520139106,0.023845959546910933,0.9353548884391785,NoGesture,0.9353548884391785,NoGesture,0.879462174400213,0.879462174400213,0.12053782559978701
1.2,0.06830095499753952,0.04450483736099553,0.02379611560101691,0.9316990450024605,NoGesture,0.9316990450024605,NoGesture,0.8691739951332205,0.8691739951332205,0.13082600486677962
1.2333333333333334,0.07963202893733978,0.05189358904317931,0.027738437520941073,0.9203679710626602,NoGesture,0.9203679710626602,NoGesture,0.8420844063410068,0.8420844063410068,0.15791559365899324
1.2666666666666666,0.08616981655359268,0.055643454199283404,0.030526362354309278,0.9138301834464073,NoGesture,0.9138301834464073,NoGesture,0.8271325605427492,0.8271325605427492,0.17286743945725075
1.3,0.0899004265666008,0.05707666927199684,0.032823754615362466,0.9100995734333992,NoGesture,0.9100995734333992,NoGesture,0.760809226228554,0.760809226228554,0.23919077377144604
1.3333333333333333,0.10711865872144699,0.06675496893346233,0.04036368659559986,0.892881341278553,NoGesture,0.892881341278553,NoGesture,0.73144541182509,0.73144541182509,0.26855458817490996
1.3666666666666667,0.12212269753217697,0.07428106794092804,0.04784163323078894,0.877877302467823,NoGesture,0.877877302467823,NoGesture,0.8255932391167752,0.8255932391167752,0.1744067608832248
1.4,0.1315763145685196,0.07957751788767187,0.051998788838288235,0.8684236854314804,NoGesture,0.8684236854314804,NoGesture,0.7838043152192606,0.7838043152192606,0.21619568478073936
1.4333333333333333,0.13878284394741058,0.08256670507909458,0.05621614300436706,0.8612171560525894,NoGesture,0.8612171560525894,NoGesture,0.7865875726328072,0.7865875726328072,0.2134124273671928
1.4666666666666666,0.14098763465881348,0.08216256410143785,0.058825078960893507,0.8590123653411865,NoGesture,0.8590123653411865,NoGesture,0.8009555703553586,0.8009555703553586,0.19904442964464145
1.5,0.1410244256258011,0.08208412790891817,0.05894029771688292,0.8589755743741989,NoGesture,0.8589755743741989,NoGesture,0.8216263393083598,0.8216263393083598,0.1783736606916401
1.5333333333333334,0.12957575917243958,0.07468647666687467,0.05488928250556491,0.8704242408275604,NoGesture,0.8704242408275604,NoGesture,0.8233972141946222,0.8233972141946222,0.17660278580537775
1.5666666666666667,0.13063514232635498,0.07581786333034302,0.05481727120955071,0.869364857673645,NoGesture,0.869364857673645,NoGesture,0.7718698451061702,0.7718698451061702,0.22813015489382987
1.6,0.13352470099925995,0.07744909956655999,0.056075597453353776,0.86647529900074,NoGesture,0.86647529900074,NoGesture,0.7201742526480303,0.7201742526480303,0.2798257473519697
1.6333333333333333,0.14181122183799744,0.08364418067698054,0.05816704538732065,0.8581887781620026,NoGesture,0.8581887781620026,NoGesture,0.6862031101945608,0.6862031101945608,0.3137968898054391
1.6666666666666667,0.14915607869625092,0.09049032629590226,0.058665747955151115,0.8508439213037491,NoGesture,0.8508439213037491,NoGesture,0.725172664700638,0.725172664700638,0.274827335299362
1.7,0.14760984480381012,0.09016390695131538,0.057445942251610926,0.8523901551961899,NoGesture,0.8523901551961899,NoGesture,0.6976420057993579,0.6976420057993579,0.3023579942006421
1.7333333333333334,0.14841020107269287,0.09224913193286,0.056161069139832875,0.8515897989273071,NoGesture,0.8515897989273071,NoGesture,0.7386140212199157,0.7386140212199157,0.2613859787800843
1.7666666666666666,0.1571681946516037,0.09866283683950616,0.05850536249607474,0.8428318053483963,NoGesture,0.8428318053483963,NoGesture,0.7235176841877585,0.7235176841877585,0.2764823158122415
1.8,0.17079435288906097,0.10905160981693474,0.06174273798205787,0.829205647110939,NoGesture,0.829205647110939,NoGesture,0.79469682996115,0.79469682996115,0.20530317003885
1.8333333333333333,0.17512182891368866,0.1143050981830811,0.06081672551157036,0.8248781710863113,NoGesture,0.8248781710863113,NoGesture,0.8116568844570564,0.8116568844570564,0.1883431155429435
1.8666666666666667,0.18666481971740723,0.12173755196927516,0.06492726218508693,0.8133351802825928,NoGesture,0.8133351802825928,NoGesture,0.784752787293231,0.784752787293231,0.21524721270676914
1.9,0.22563397884368896,0.1472965430219375,0.07833744254616803,0.774366021156311,NoGesture,0.774366021156311,NoGesture,0.7616124816872472,0.7616124816872472,0.23838751831275296
1.9333333333333333,0.2598230540752411,0.16883975790458194,0.09098328842732872,0.7401769459247589,NoGesture,0.7401769459247589,NoGesture,0.7051793104021419,0.7051793104021419,0.2948206895978581
1.9666666666666666,0.2899337112903595,0.18921341581177487,0.10072030411928257,0.7100662887096405,NoGesture,0.7100662887096405,NoGesture,0.726031970175926,0.726031970175926,0.2739680298240739
2.0,0.30380842089653015,0.20093648727808855,0.1028719426726381,0.6961915791034698,NoGesture,0.6961915791034698,NoGesture,0.6722392354134927,0.6722392354134927,0.3277607645865074
2.033333333333333,0.3320731222629547,0.22234244934220548,0.10973065312764874,0.6679268777370453,NoGesture,0.6679268777370453,NoGesture,0.7137038292209097,0.7137038292209097,0.28629617077909025
2.066666666666667,0.33209332823753357,0.22694293248830277,0.1051503957492308,0.6679066717624664,NoGesture,0.6679066717624664,NoGesture,0.7299334236030662,0.7299334236030662,0.2700665763969338
2.1,0.343044251203537,0.2405683746345577,0.10247588679249464,0.656955748796463,NoGesture,0.656955748796463,NoGesture,0.7430879077095259,0.7430879077095259,0.25691209229047407
2.1333333333333333,0.3449160158634186,0.2493335494355371,0.09558247670717979,0.6550839841365814,NoGesture,0.6550839841365814,NoGesture,0.8226545764111324,0.8226545764111324,0.1773454235888675
2.1666666666666665,0.3578721880912781,0.25868689612073936,0.09918528130511639,0.6421278119087219,NoGesture,0.6421278119087219,NoGesture,0.7886336236296574,0.7886336236296574,0.21136637637034258
2.2,0.3698387145996094,0.267753808072257,0.10208491754940496,0.6301612854003906,NoGesture,0.6301612854003906,NoGesture,0.7810826856610598,0.7810826856610598,0.21891731433894032
2.2333333333333334,0.3693448305130005,0.2671252260041541,0.10221961551618008,0.6306551694869995,NoGesture,0.6306551694869995,NoGesture,0.7456822104769637,0.7456822104769637,0.25431778952303624
2.2666666666666666,0.35553839802742004,0.2568829018046319,0.09865549622278813,0.64446160197258,NoGesture,0.64446160197258,NoGesture,0.7044135864790196,0.7044135864790196,0.2955864135209804
2.3,0.34705960750579834,0.24867966356270443,0.09837995428627622,0.6529403924942017,NoGesture,0.6529403924942017,NoGesture,0.7230550313220571,0.7230550313220571,0.27694496867794294
2.3333333333333335,0.34671035408973694,0.24828140531174192,0.09842894877799502,0.6532896459102631,NoGesture,0.6532896459102631,NoGesture,0.7740018963802145,0.7740018963802145,0.22599810361978548
2.3666666666666667,0.3548412322998047,0.25435496618524667,0.10048628726474362,0.6451587677001953,NoGesture,0.6451587677001953,NoGesture,0.7628971128811232,0.7628971128811232,0.2371028871188769
2.4,0.33948856592178345,0.2442716366317157,0.09521692929006775,0.6605114340782166,NoGesture,0.6605114340782166,NoGesture,0.7946642734989986,0.7946642734989986,0.2053357265010014
2.433333333333333,0.34493139386177063,0.24931763015254482,0.09561376370922581,0.6550686061382294,NoGesture,0.6550686061382294,NoGesture,0.7378723658287538,0.7378723658287538,0.26212763417124624
2.466666666666667,0.35154998302459717,0.2507036043583355,0.10084635771224981,0.6484500169754028,NoGesture,0.6484500169754028,NoGesture,0.7153080261294185,0.7153080261294185,0.28469197387058154
2.5,0.3800904452800751,0.2678614695497892,0.11222898705786388,0.6199095547199249,NoGesture,0.6199095547199249,NoGesture,0.7249363169690246,0.7249363169690246,0.2750636830309755
2.533333333333333,0.42749732732772827,0.30075312356006023,0.1267441782868417,0.5725026726722717,NoGesture,0.5725026726722717,NoGesture,0.6944774298809446,0.6944774298809446,0.30552257011905537
2.566666666666667,0.42422398924827576,0.2957454497054979,0.12847855218563797,0.5757760107517242,NoGesture,0.5757760107517242,NoGesture,0.6693054946305228,0.6693054946305228,0.33069450536947725
2.6,0.39678826928138733,0.27562393148343745,0.12116432597273796,0.6032117307186127,NoGesture,0.6032117307186127,NoGesture,0.7181658535079081,0.7181658535079081,0.28183414649209193
2.6333333333333333,0.3767741024494171,0.26043372225377937,0.11634039142438102,0.6232258975505829,NoGesture,0.6232258975505829,NoGesture,0.7330899222492809,0.7330899222492809,0.2669100777507191
2.6666666666666665,0.34133386611938477,0.23740751575030572,0.10392637071416289,0.6586661338806152,NoGesture,0.6586661338806152,NoGesture,0.7309391101848071,0.7309391101848071,0.2690608898151929
2.7,0.31194889545440674,0.215416244514806,0.09653265093960073,0.6880511045455933,NoGesture,0.6880511045455933,NoGesture,0.7639176059680478,0.7639176059680478,0.2360823940319521
2.7333333333333334,0.28817686438560486,0.20009208577605797,0.08808477002120707,0.7118231356143951,NoGesture,0.7118231356143951,NoGesture,0.8291867429365033,0.8291867429365033,0.17081325706349676
2.7666666666666666,0.28316277265548706,0.19536872581490883,0.08779402152385352,0.7168372273445129,NoGesture,0.7168372273445129,NoGesture,0.8636214438143518,0.8636214438143518,0.13637855618564818
2.8,0.25662755966186523,0.17715634922265622,0.07947121043920902,0.7433724403381348,NoGesture,0.7433724403381348,NoGesture,0.8621420268484803,0.8621420268484803,0.13785797315151968
2.8333333333333335,0.24438226222991943,0.16953817553034156,0.07484408669957787,0.7556177377700806,NoGesture,0.7556177377700806,NoGesture,0.7525850880654528,0.7525850880654528,0.2474149119345473
2.8666666666666667,0.240229994058609,0.16941735518531154,0.07081263887329747,0.759770005941391,NoGesture,0.759770005941391,NoGesture,0.7269847666254114,0.7269847666254114,0.27301523337458866
2.9,0.23961742222309113,0.17122596026274994,0.06839146196034118,0.7603825777769089,NoGesture,0.7603825777769089,NoGesture,0.7199553256884119,0.7199553256884119,0.2800446743115881
2.933333333333333,0.24001801013946533,0.17362382030411538,0.06639418268225583,0.7599819898605347,NoGesture,0.7599819898605347,NoGesture,0.7488555669008443,0.7488555669008443,0.2511444330991557
2.966666666666667,0.24863360822200775,0.1785823874313026,0.07005122820056409,0.7513663917779922,NoGesture,0.7513663917779922,NoGesture,0.8626840584192047,0.8626840584192047,0.13731594158079533
3.0,0.24038532376289368,0.1738845121802015,0.06650079725461033,0.7596146762371063,NoGesture,0.7596146762371063,NoGesture,0.8024852545320892,0.8024852545320892,0.1975147454679108
3.033333333333333,0.23220506310462952,0.16943829735428473,0.06276675190984449,0.7677949368953705,NoGesture,0.7677949368953705,NoGesture,0.7263462227864652,0.7263462227864652,0.27365377721353484
3.066666666666667,0.23899368941783905,0.17718099045591185,0.061812698961927204,0.761006310582161,NoGesture,0.761006310582161,NoGesture,0.6654884923983573,0.6654884923983573,0.3345115076016427
3.1,0.23885729908943176,0.1758888079696792,0.06296850535675702,0.7611427009105682,NoGesture,0.7611427009105682,NoGesture,0.6632997504394921,0.6632997504394921,0.33670024956050787
3.1333333333333333,0.23796424269676208,0.17652702637073858,0.06143723050979766,0.7620357573032379,NoGesture,0.7620357573032379,NoGesture,0.6775999948816163,0.6775999948816163,0.3224000051183837
3.1666666666666665,0.2351299226284027,0.17536109186263893,0.05976883076576378,0.7648700773715973,NoGesture,0.7648700773715973,NoGesture,0.6422741219861487,0.6422741219861487,0.35772587801385125
3.2,0.24915939569473267,0.18735324570642575,0.06180613885001396,0.7508406043052673,NoGesture,0.7508406043052673,NoGesture,0.6495928239150689,0.6495928239150689,0.35040717608493116
3.2333333333333334,0.24465152621269226,0.18531002608409786,0.05934150377418623,0.7553484737873077,NoGesture,0.7553484737873077,NoGesture,0.6427381733815101,0.6427381733815101,0.35726182661848993
3.2666666666666666,0.22422215342521667,0.17304476402203228,0.05117738272084349,0.7757778465747833,NoGesture,0.7757778465747833,NoGesture,0.7061040271135505,0.7061040271135505,0.2938959728864495
3.3,0.21635042130947113,0.16754308069419288,0.04880735673464076,0.7836495786905289,NoGesture,0.7836495786905289,NoGesture,0.7884015947998204,0.7884015947998204,0.21159840520017956
3.3333333333333335,0.20167693495750427,0.1569829949083701,0.044693940049134184,0.7983230650424957,NoGesture,0.7983230650424957,NoGesture,0.8231934957078132,0.8231934957078132,0.1768065042921868
3.3666666666666667,0.2110547125339508,0.16372279595983308,0.04733191657411773,0.7889452874660492,NoGesture,0.7889452874660492,NoGesture,0.9205052365927436,0.9205052365927436,0.07949476340725645
3.4,0.21835419535636902,0.16937871003264782,0.04897549508491439,0.781645804643631,NoGesture,0.781645804643631,NoGesture,0.9165083595807322,0.9165083595807322,0.08349164041926783
3.433333333333333,0.22354769706726074,0.17252733964552647,0.05102035075949374,0.7764523029327393,NoGesture,0.7764523029327393,NoGesture,0.9002130105228824,0.9002130105228824,0.09978698947711763
3.466666666666667,0.22840291261672974,0.17458414925092924,0.05381874975192602,0.7715970873832703,NoGesture,0.7715970873832703,NoGesture,0.8399874878936999,0.8399874878936999,0.1600125121063001
3.5,0.2252020239830017,0.1680202386568439,0.05718178532615781,0.7747979760169983,NoGesture,0.7747979760169983,NoGesture,0.8392293767076704,0.8392293767076704,0.16077062329232963
3.533333333333333,0.21686646342277527,0.16029968754564017,0.05656678234025936,0.7831335365772247,NoGesture,0.7831335365772247,NoGesture,0.8200953229257307,0.8200953229257307,0.17990467707426921
3.566666666666667,0.2112327516078949,0.15380517681634842,0.057427568496319914,0.7887672483921051,NoGesture,0.7887672483921051,NoGesture,0.8733554602980758,0.8733554602980758,0.12664453970192427
3.6,0.20226716995239258,0.14654814668404015,0.05571901724032102,0.7977328300476074,NoGesture,0.7977328300476074,NoGesture,0.8901675610843878,0.8901675610843878,0.1098324389156122
3.6333333333333333,0.21772924065589905,0.15480371766753365,0.06292552947720242,0.782270759344101,NoGesture,0.782270759344101,NoGesture,0.9135526239884044,0.9135526239884044,0.08644737601159566
3.6666666666666665,0.22008228302001953,0.1569409156913366,0.06314137388764607,0.7799177169799805,NoGesture,0.7799177169799805,NoGesture,0.8172960197047516,0.8172960197047516,0.18270398029524845
3.7,0.21471424400806427,0.1532172774489542,0.0614969729580932,0.7852857559919357,NoGesture,0.7852857559919357,NoGesture,0.8069200056820861,0.8069200056820861,0.19307999431791392
3.7333333333333334,0.21863771975040436,0.15627081320997593,0.062366906540428424,0.7813622802495956,NoGesture,0.7813622802495956,NoGesture,0.7664968691014672,0.7664968691014672,0.23350313089853286
3.7666666666666666,0.24497120082378387,0.17428899051910918,0.0706822103046747,0.7550287991762161,NoGesture,0.7550287991762161,NoGesture,0.616004401157221,0.616004401157221,0.383995598842779
3.8,0.253856360912323,0.18247153066150545,0.07138483781632665,0.746143639087677,NoGesture,0.746143639087677,NoGesture,0.6010181041274704,0.6010181041274704,0.3989818958725297
3.8333333333333335,0.2256080061197281,0.16288678915644805,0.06272122368692257,0.7743919938802719,NoGesture,0.7743919938802719,NoGesture,0.6304196741056446,0.6304196741056446,0.36958032589435547
3.8666666666666667,0.20553293824195862,0.14823873235572904,0.0572941936355118,0.7944670617580414,NoGesture,0.7944670617580414,NoGesture,0.6456378114098313,0.6456378114098313,0.3543621885901686
3.9,0.1798829883337021,0.12898054285837368,0.050902445475328406,0.8201170116662979,NoGesture,0.8201170116662979,NoGesture,0.7860664405114861,0.7860664405114861,0.21393355948851386
3.933333333333333,0.1605258584022522,0.11495753899406225,0.045568314624146566,0.8394741415977478,NoGesture,0.8394741415977478,NoGesture,0.7870817585185883,0.7870817585185883,0.21291824148141172
3.966666666666667,0.15775088965892792,0.11234432353036006,0.04540657082991073,0.8422491103410721,NoGesture,0.8422491103410721,NoGesture,0.8246849528090924,0.8246849528090924,0.1753150471909075
4.0,0.14746911823749542,0.1034311187695458,0.04403799067810521,0.8525308817625046,NoGesture,0.8525308817625046,NoGesture,0.6934470247137805,0.6934470247137805,0.3065529752862195
4.033333333333333,0.12869620323181152,0.08781332796223751,0.040882871434128276,0.8713037967681885,NoGesture,0.8713037967681885,NoGesture,0.7439989376581928,0.7439989376581928,0.2560010623418073
4.066666666666666,0.12033983319997787,0.08331100373542899,0.037028829464548885,0.8796601668000221,NoGesture,0.8796601668000221,NoGesture,0.6706986601086223,0.6706986601086223,0.3293013398913776
4.1,0.12539654970169067,0.08891341012672527,0.036483135837857006,0.8746034502983093,NoGesture,0.8746034502983093,NoGesture,0.6711380366691762,0.6711380366691762,0.32886196333082374
4.133333333333334,0.1235668733716011,0.08847162276368614,0.03509525429049476,0.8764331266283989,NoGesture,0.8764331266283989,NoGesture,0.6899157158978049,0.6899157158978049,0.31008428410219513
4.166666666666667,0.11693256348371506,0.08427831272282171,0.0326542542457553,0.8830674365162849,NoGesture,0.8830674365162849,NoGesture,0.7943919890519833,0.7943919890519833,0.20560801094801676
4.2,0.11340342462062836,0.08268002254097073,0.030723408839028465,0.8865965753793716,NoGesture,0.8865965753793716,NoGesture,0.7639520482964494,0.7639520482964494,0.2360479517035507
4.233333333333333,0.11640550941228867,0.08549055521290061,0.030914954199388056,0.8835944905877113,NoGesture,0.8835944905877113,NoGesture,0.7423683595622936,0.7423683595622936,0.2576316404377064
4.266666666666667,0.12440811842679977,0.09117146074859583,0.03323665767820394,0.8755918815732002,NoGesture,0.8755918815732002,NoGesture,0.7728741925384178,0.7728741925384178,0.22712580746158226
4.3,0.1330578774213791,0.09587994528174715,0.03717792817419818,0.8669421225786209,NoGesture,0.8669421225786209,NoGesture,0.6737706109467043,0.6737706109467043,0.3262293890532958
4.333333333333333,0.12909236550331116,0.0939855496719364,0.035106819678627055,0.8709076344966888,NoGesture,0.8709076344966888,NoGesture,0.6299727329757248,0.6299727329757248,0.37002726702427535
4.366666666666666,0.1313887983560562,0.09687771188295358,0.03451108255741131,0.8686112016439438,NoGesture,0.8686112016439438,NoGesture,0.5615077711403941,0.5615077711403941,0.4384922288596059
4.4,0.13372045755386353,0.09779966931212414,0.03592078824173939,0.8662795424461365,NoGesture,0.8662795424461365,NoGesture,0.5755303688381084,0.5755303688381084,0.4244696311618916
4.433333333333334,0.13845551013946533,0.09961859997751787,0.03883690603565171,0.8615444898605347,NoGesture,0.8615444898605347,NoGesture,0.6386277004234351,0.6386277004234351,0.36137229957656486
4.466666666666667,0.13254787027835846,0.0960691861494345,0.036478680178689604,0.8674521297216415,NoGesture,0.8674521297216415,NoGesture,0.5724147761535635,0.5724147761535635,0.42758522384643644
4.5,0.11997700482606888,0.08843256226216756,0.031544435412714567,0.8800229951739311,NoGesture,0.8800229951739311,NoGesture,0.595556305440118,0.595556305440118,0.40444369455988194
4.533333333333333,0.11436029523611069,0.08509372733529164,0.02926657130902144,0.8856397047638893,NoGesture,0.8856397047638893,NoGesture,0.6641471310363637,0.6641471310363637,0.33585286896363625
4.566666666666666,0.10480586439371109,0.07716964403696291,0.027636223480206334,0.8951941356062889,NoGesture,0.8951941356062889,NoGesture,0.6501355003136359,0.6501355003136359,0.34986449968636407
4.6,0.10784869641065598,0.08102370187231323,0.02682499614541356,0.892151303589344,NoGesture,0.892151303589344,NoGesture,0.6976828760269117,0.6976828760269117,0.3023171239730883
4.633333333333334,0.12291669845581055,0.09432166932086261,0.02859502547174486,0.8770833015441895,NoGesture,0.8770833015441895,NoGesture,0.6576774598938459,0.6576774598938459,0.3423225401061542
4.666666666666667,0.13184042274951935,0.10204923217634576,0.02979119450232437,0.8681595772504807,NoGesture,0.8681595772504807,NoGesture,0.6764073110068161,0.6764073110068161,0.3235926889931839
4.7,0.13783814013004303,0.10658669988035196,0.03125144230363941,0.862161859869957,NoGesture,0.862161859869957,NoGesture,0.6443882198663701,0.6443882198663701,0.35561178013362993
4.733333333333333,0.1470228135585785,0.11405291859420785,0.032969892773559994,0.8529771864414215,NoGesture,0.8529771864414215,NoGesture,0.6580883631313371,0.6580883631313371,0.3419116368686628
4.766666666666667,0.15367481112480164,0.12010354871421924,0.03357126241058239,0.8463251888751984,NoGesture,0.8463251888751984,NoGesture,0.7443115396390569,0.7443115396390569,0.255688460360943
4.8,0.1544823795557022,0.12130662683193538,0.03317575272376683,0.8455176204442978,NoGesture,0.8455176204442978,NoGesture,0.5608762201375265,0.5608762201375265,0.4391237798624736
4.833333333333333,0.16144749522209167,0.12655949384896026,0.034888001373131416,0.8385525047779083,NoGesture,0.8385525047779083,NoGesture,0.5944290224049886,0.5944290224049886,0.40557097759501126
4.866666666666666,0.1654338389635086,0.12998784953819964,0.03544599928593417,0.8345661610364914,NoGesture,0.8345661610364914,NoGesture,0.6336986128947418,0.6336986128947418,0.3663013871052582
4.9,0.17097431421279907,0.1351765529072857,0.03579775875779756,0.8290256857872009,NoGesture,0.8290256857872009,NoGesture,0.7321399788624278,0.7321399788624278,0.2678600211375723
4.933333333333334,0.1743747442960739,0.1375994937718854,0.036775247925802335,0.8256252557039261,NoGesture,0.8256252557039261,NoGesture,0.7765424107042507,0.7765424107042507,0.22345758929574935
4.966666666666667,0.18172036111354828,0.14131669074289288,0.040403675786344184,0.8182796388864517,NoGesture,0.8182796388864517,NoGesture,0.7634981944332997,0.7634981944332997,0.23650180556670042
5.0,0.1962272822856903,0.1514304348490203,0.0447968562087131,0.8037727177143097,NoGesture,0.8037727177143097,NoGesture,0.5414628589872402,0.5414628589872402,0.4585371410127598
5.033333333333333,0.20146393775939941,0.15484194974673926,0.046621994016753376,0.7985360622406006,NoGesture,0.7985360622406006,NoGesture,0.5379749260960063,0.5379749260960063,0.46202507390399367
5.066666666666666,0.19658371806144714,0.15114540089586015,0.04543831130693565,0.8034162819385529,NoGesture,0.8034162819385529,NoGesture,0.5245329642929519,0.5245329642929519,0.475467035707048
5.1,0.21260888874530792,0.16227472136876742,0.05033417054465983,0.7873911112546921,NoGesture,0.7873911112546921,NoGesture,0.5507031486147972,0.5507031486147972,0.4492968513852028
5.133333333333334,0.2118089348077774,0.16328356068566308,0.04852537727831341,0.7881910651922226,NoGesture,0.7881910651922226,NoGesture,0.6845763649892124,0.6845763649892124,0.3154236350107876
5.166666666666667,0.20903442800045013,0.16320416053243925,0.045830270582866595,0.7909655719995499,NoGesture,0.7909655719995499,NoGesture,0.7332219091719686,0.7332219091719686,0.2667780908280314
5.2,0.20765003561973572,0.16200536549915867,0.04564467630903035,0.7923499643802643,NoGesture,0.7923499643802643,NoGesture,0.7019785699602286,0.7019785699602286,0.2980214300397714
5.233333333333333,0.19382479786872864,0.15124114729479743,0.04258364190928754,0.8061752021312714,NoGesture,0.8061752021312714,NoGesture,0.7726857046084922,0.7726857046084922,0.22731429539150783
5.266666666666667,0.18005558848381042,0.14183026953179123,0.03822532700113124,0.8199444115161896,NoGesture,0.8199444115161896,NoGesture,0.7877759429543514,0.7877759429543514,0.2122240570456487
5.3,0.1665637344121933,0.13183439694289412,0.03472933250531307,0.8334362655878067,NoGesture,0.8334362655878067,NoGesture,0.7759970721526448,0.7759970721526448,0.2240029278473552
5.333333333333333,0.15367573499679565,0.12167535752867309,0.032000377468122565,0.8463242650032043,NoGesture,0.8463242650032043,NoGesture,0.8124456701093168,0.8124456701093168,0.18755432989068332
5.366666666666666,0.15027190744876862,0.1184174767350088,0.031854437431437566,0.8497280925512314,NoGesture,0.8497280925512314,NoGesture,0.7322049943523133,0.7322049943523133,0.2677950056476866
5.4,0.15126341581344604,0.11973703481181275,0.03152638325563384,0.848736584186554,NoGesture,0.848736584186554,NoGesture,0.7338598707522351,0.7338598707522351,0.26614012924776487
5.433333333333334,0.1517844796180725,0.12054243020150324,0.031242056201864266,0.8482155203819275,NoGesture,0.8482155203819275,NoGesture,0.7232613285644476,0.7232613285644476,0.2767386714355524
5.466666666666667,0.15120777487754822,0.11946227484033933,0.03174548877135175,0.8487922251224518,NoGesture,0.8487922251224518,NoGesture,0.6872469408173297,0.6872469408173297,0.3127530591826702
5.5,0.15481166541576385,0.1212254592570483,0.033586201544968386,0.8451883345842361,NoGesture,0.8451883345842361,NoGesture,0.6674206047889956,0.6674206047889956,0.3325793952110043
5.533333333333333,0.15388886630535126,0.11999588755123725,0.03389298334035962,0.8461111336946487,NoGesture,0.8461111336946487,NoGesture,0.6432103495725812,0.6432103495725812,0.3567896504274188
5.566666666666666,0.15121552348136902,0.11708942142096035,0.03412610882026934,0.848784476518631,NoGesture,0.848784476518631,NoGesture,0.5577421236381792,0.5577421236381792,0.4422578763618208
5.6,0.14844848215579987,0.11427929696810146,0.0341691851876984,0.8515515178442001,NoGesture,0.8515515178442001,NoGesture,0.5397014310094834,0.5397014310094834,0.46029856899051663
5.633333333333334,0.15863926708698273,0.12033851850018973,0.03830075804243016,0.8413607329130173,NoGesture,0.8413607329130173,NoGesture,0.5086385075871082,0.5086385075871082,0.49136149241289184
5.666666666666667,0.16180527210235596,0.12239129990740594,0.03941397460603646,0.838194727897644,NoGesture,0.838194727897644,NoGesture,0.5063961992151832,0.5063961992151832,0.49360380078481675
5.7,0.17175985872745514,0.1278062915305478,0.043953572315750034,0.8282401412725449,NoGesture,0.8282401412725449,NoGesture,0.6409884595362895,0.6409884595362895,0.35901154046371053
5.733333333333333,0.16348105669021606,0.12083032675514005,0.042650739679306326,0.8365189433097839,NoGesture,0.8365189433097839,NoGesture,0.6345801267752722,0.6345801267752722,0.3654198732247278
5.766666666666667,0.1639694720506668,0.11990579217852293,0.04406368475881495,0.8360305279493332,NoGesture,0.8360305279493332,NoGesture,0.755181186899895,0.755181186899895,0.2448188131001049
5.8,0.16327449679374695,0.11959783200055973,0.04367665992722802,0.836725503206253,NoGesture,0.836725503206253,NoGesture,0.6605539175774044,0.6605539175774044,0.3394460824225955
5.833333333333333,0.16566357016563416,0.12049006505935722,0.04517351004343606,0.8343364298343658,NoGesture,0.8343364298343658,NoGesture,0.7176960245421821,0.7176960245421821,0.28230397545781794
5.866666666666666,0.16243095695972443,0.1183983377501665,0.04403261920955792,0.8375690430402756,NoGesture,0.8375690430402756,NoGesture,0.6776577929030175,0.6776577929030175,0.32234220709698247
5.9,0.1625412255525589,0.11867761315830805,0.043863607550144845,0.8374587744474411,NoGesture,0.8374587744474411,NoGesture,0.7456986530415516,0.7456986530415516,0.25430134695844836
5.933333333333334,0.15533195436000824,0.11478108702280032,0.04055086733720792,0.8446680456399918,NoGesture,0.8446680456399918,NoGesture,0.7289048740462527,0.7289048740462527,0.27109512595374724
5.966666666666667,0.15315690636634827,0.11362569796376576,0.039531217531445506,0.8468430936336517,NoGesture,0.8468430936336517,NoGesture,0.5781742308758477,0.5781742308758477,0.42182576912415215
6.0,0.15070264041423798,0.11346270717270457,0.037239926504600396,0.849297359585762,NoGesture,0.849297359585762,NoGesture,0.5203494018946457,0.5203494018946457,0.4796505981053543
6.033333333333333,0.15475207567214966,0.11696326201253981,0.03778881596559547,0.8452479243278503,NoGesture,0.8452479243278503,NoGesture,0.5269002195132894,0.5269002195132894,0.47309978048671064
6.066666666666666,0.1624896079301834,0.12398541284689824,0.038504202347136696,0.8375103920698166,NoGesture,0.8375103920698166,NoGesture,0.540221781254762,0.540221781254762,0.45977821874523805
6.1,0.1802561730146408,0.13803664234648938,0.04221953604020401,0.8197438269853592,NoGesture,0.8197438269853592,NoGesture,0.6338518679535272,0.6338518679535272,0.3661481320464727
6.133333333333334,0.19749313592910767,0.15204529679049728,0.04544783913861039,0.8025068640708923,NoGesture,0.8025068640708923,NoGesture,0.5903340653774292,0.5903340653774292,0.4096659346225708
6.166666666666667,0.21138125658035278,0.1624899570339977,0.048891308995833604,0.7886187434196472,NoGesture,0.7886187434196472,NoGesture,0.6906852239764603,0.6906852239764603,0.30931477602353963
6.2,0.2101629227399826,0.16206129895193655,0.04810163631473241,0.7898370772600174,NoGesture,0.7898370772600174,NoGesture,0.765655956443125,0.765655956443125,0.2343440435568749
6.233333333333333,0.22106808423995972,0.17080869087757478,0.05025940653906957,0.7789319157600403,NoGesture,0.7789319157600403,NoGesture,0.7850385726268114,0.7850385726268114,0.21496142737318863
6.266666666666667,0.2386467158794403,0.18692073106579166,0.05172597770142229,0.7613532841205597,NoGesture,0.7613532841205597,NoGesture,0.6728225999531602,0.6728225999531602,0.32717740004683993
6.3,0.25020045042037964,0.19962456513985316,0.05057590019363545,0.7497995495796204,NoGesture,0.7497995495796204,NoGesture,0.579160412860133,0.579160412860133,0.420839587139867
6.333333333333333,0.24926865100860596,0.20236697424189032,0.04690167676671564,0.750731348991394,NoGesture,0.750731348991394,NoGesture,0.5173951155589164,0.5173951155589164,0.4826048844410837
6.366666666666666,0.2569449841976166,0.21262913822149088,0.04431584980490433,0.7430550158023834,NoGesture,0.7430550158023834,NoGesture,0.5972811422968433,0.5972811422968433,0.4027188577031568
6.4,0.24550606310367584,0.20736273797436144,0.03814332878763982,0.7544939368963242,NoGesture,0.7544939368963242,NoGesture,0.47862605764694555,0.47862605764694555,0.5213739423530545
6.433333333333334,0.24153845012187958,0.20689901135103117,0.03463943517164503,0.7584615498781204,NoGesture,0.7584615498781204,NoGesture,0.5255859789661796,0.5255859789661796,0.4744140210338204
6.466666666666667,0.23934181034564972,0.207006173709412,0.03233564376917952,0.7606581896543503,NoGesture,0.7606581896543503,NoGesture,0.5508973847315981,0.5508973847315981,0.4491026152684019
6.5,0.23752301931381226,0.20657467944138475,0.030948346951165107,0.7624769806861877,NoGesture,0.7624769806861877,NoGesture,0.6141092331223263,0.6141092331223263,0.38589076687767354
6.533333333333333,0.25022900104522705,0.21816018924263858,0.03206881925999383,0.749770998954773,NoGesture,0.749770998954773,NoGesture,0.6501559696363599,0.6501559696363599,0.3498440303636401
6.566666666666666,0.2621843218803406,0.229052320189858,0.033131993876780896,0.7378156781196594,NoGesture,0.7378156781196594,NoGesture,0.5480388042810753,0.5480388042810753,0.4519611957189247
6.6,0.2697627544403076,0.23624093894535747,0.033521819514728435,0.7302372455596924,NoGesture,0.7302372455596924,NoGesture,0.54542279823102,0.54542279823102,0.45457720176897987
6.633333333333334,0.27273446321487427,0.23950160256429598,0.03323286065057829,0.7272655367851257,NoGesture,0.7272655367851257,NoGesture,0.5677967137722815,0.5677967137722815,0.43220328622771853
6.666666666666667,0.2805905342102051,0.24768162022238016,0.03290890771613775,0.7194094657897949,NoGesture,0.7194094657897949,NoGesture,0.638249083579587,0.638249083579587,0.361750916420413
6.7,0.2811814248561859,0.24898323940731082,0.032198185448875094,0.7188185751438141,NoGesture,0.7188185751438141,NoGesture,0.5517485228498179,0.5517485228498179,0.44825147715018215
6.733333333333333,0.27823448181152344,0.2458566440566301,0.032377837754893335,0.7217655181884766,NoGesture,0.7217655181884766,NoGesture,0.5384941649995466,0.5384941649995466,0.46150583500045345
6.766666666666667,0.2846284806728363,0.2513236278734645,0.03330485492001922,0.7153715193271637,NoGesture,0.7153715193271637,NoGesture,0.49045187672894164,0.49045187672894164,0.5095481232710584
6.8,0.2766604721546173,0.24430572930739025,0.03235472635697789,0.7233395278453827,NoGesture,0.7233395278453827,NoGesture,0.5705904014294207,0.5705904014294207,0.42940959857057925
6.833333333333333,0.2688455283641815,0.2369169073678261,0.03192861899330013,0.7311544716358185,NoGesture,0.7311544716358185,NoGesture,0.5097863924280512,0.5097863924280512,0.4902136075719487
6.866666666666666,0.2635030150413513,0.23111580635370998,0.03238721457739269,0.7364969849586487,NoGesture,0.7364969849586487,NoGesture,0.6035614253698466,0.6035614253698466,0.39643857463015336
6.9,0.25494784116744995,0.22365983590988847,0.03128800715707092,0.74505215883255,NoGesture,0.74505215883255,NoGesture,0.615274335918452,0.615274335918452,0.38472566408154807
6.933333333333334,0.24486932158470154,0.21508971599185323,0.029779612890522777,0.7551306784152985,NoGesture,0.7551306784152985,NoGesture,0.644705473289872,0.644705473289872,0.355294526710128
6.966666666666667,0.2402476966381073,0.21016161734555006,0.030086079292557244,0.7597523033618927,NoGesture,0.7597523033618927,NoGesture,0.7014337275101099,0.7014337275101099,0.2985662724898901
7.0,0.2371349334716797,0.20707450647444148,0.030060437597995815,0.7628650665283203,NoGesture,0.7628650665283203,NoGesture,0.7430676933547932,0.7430676933547932,0.2569323066452068
7.033333333333333,0.2278956025838852,0.19836853963521417,0.029527049365034586,0.7721043974161148,NoGesture,0.7721043974161148,NoGesture,0.7267739305952081,0.7267739305952081,0.27322606940479194
7.066666666666666,0.2062137871980667,0.17933619355556996,0.026877584424022105,0.7937862128019333,NoGesture,0.7937862128019333,NoGesture,0.7271749174720191,0.7271749174720191,0.2728250825279809
7.1,0.18868955969810486,0.16314250090457172,0.025547070040307318,0.8113104403018951,NoGesture,0.8113104403018951,NoGesture,0.6372887340459233,0.6372887340459233,0.36271126595407654
7.133333333333334,0.17856697738170624,0.15392372133447463,0.02464325604723161,0.8214330226182938,NoGesture,0.8214330226182938,NoGesture,0.605675884905071,0.605675884905071,0.394324115094929
7.166666666666667,0.1689283549785614,0.14519432233018215,0.023734032648379255,0.8310716450214386,NoGesture,0.8310716450214386,NoGesture,0.6478065576175769,0.6478065576175769,0.35219344238242306
7.2,0.15554359555244446,0.1332175964145339,0.022326006091251127,0.8444564044475555,NoGesture,0.8444564044475555,NoGesture,0.6659022638409023,0.6659022638409023,0.33409773615909766
7.233333333333333,0.14590570330619812,0.12432322549321739,0.02158247346465192,0.8540942966938019,NoGesture,0.8540942966938019,NoGesture,0.7201852165201919,0.7201852165201919,0.27981478347980815
7.266666666666667,0.13977894186973572,0.11880500550586603,0.020973942612475316,0.8602210581302643,NoGesture,0.8602210581302643,NoGesture,0.6948835015542724,0.6948835015542724,0.30511649844572764
7.3,0.13074390590190887,0.11101927868715222,0.019724623318284618,0.8692560940980911,NoGesture,0.8692560940980911,NoGesture,0.7399574960936341,0.7399574960936341,0.26004250390636585
7.333333333333333,0.12446950376033783,0.1056449893531024,0.018824514407235426,0.8755304962396622,NoGesture,0.8755304962396622,NoGesture,0.7842369983254385,0.7842369983254385,0.21576300167456153
7.366666666666666,0.12247263640165329,0.10347877445347153,0.018993858298212762,0.8775273635983467,NoGesture,0.8775273635983467,NoGesture,0.7679891524204915,0.7679891524204915,0.23201084757950857
7.4,0.1187763512134552,0.10038432807665387,0.01839203021642355,0.8812236487865448,NoGesture,0.8812236487865448,NoGesture,0.7342405537680012,0.7342405537680012,0.2657594462319988
7.433333333333334,0.12431853264570236,0.10551197504758125,0.01880656686057358,0.8756814673542976,NoGesture,0.8756814673542976,NoGesture,0.7547788577583424,0.7547788577583424,0.24522114224165772
7.466666666666667,0.13165539503097534,0.11217757657012228,0.019477818460853058,0.8683446049690247,NoGesture,0.8683446049690247,NoGesture,0.7099056739539978,0.7099056739539978,0.2900943260460021
7.5,0.1393006294965744,0.11888358157655698,0.020417047920017417,0.8606993705034256,NoGesture,0.8606993705034256,NoGesture,0.7067430381349561,0.7067430381349561,0.29325696186504396
7.533333333333333,0.14400272071361542,0.1237075508138279,0.02029516131655651,0.8559972792863846,NoGesture,0.8559972792863846,NoGesture,0.6508898427827627,0.6508898427827627,0.34911015721723715
7.566666666666666,0.1484624743461609,0.12840970603132007,0.02005276831484082,0.8515375256538391,NoGesture,0.8515375256538391,NoGesture,0.6898527508319842,0.6898527508319842,0.31014724916801595
7.6,0.15060116350650787,0.13117248115072488,0.01942868235578299,0.8493988364934921,NoGesture,0.8493988364934921,NoGesture,0.6206027356395363,0.6206027356395363,0.37939726436046367
7.633333333333334,0.1591545045375824,0.13808967102677272,0.021064828767635824,0.8408454954624176,NoGesture,0.8408454954624176,NoGesture,0.6306970552424268,0.6306970552424268,0.3693029447575733
7.666666666666667,0.1537667214870453,0.13306969578685823,0.02069703028279246,0.8462332785129547,NoGesture,0.8462332785129547,NoGesture,0.6153482459258423,0.6153482459258423,0.3846517540741577
7.7,0.14846836030483246,0.12824245483536512,0.02022590768181831,0.8515316396951675,NoGesture,0.8515316396951675,NoGesture,0.5930759731939698,0.5930759731939698,0.4069240268060302
7.733333333333333,0.14067953824996948,0.1209902996706056,0.01968923229049846,0.8593204617500305,NoGesture,0.8593204617500305,NoGesture,0.5000988699923712,0.5000988699923712,0.49990113000762876
7.766666666666667,0.13897135853767395,0.11907336310685857,0.019897991289146155,0.861028641462326,NoGesture,0.861028641462326,NoGesture,0.550701036760703,0.550701036760703,0.4492989632392969
7.8,0.13971497118473053,0.11990550540205636,0.01980946161884356,0.8602850288152695,NoGesture,0.8602850288152695,NoGesture,0.5995163673024387,0.5995163673024387,0.4004836326975612
7.833333333333333,0.13786524534225464,0.11832044213816673,0.01954480114973567,0.8621347546577454,NoGesture,0.8621347546577454,NoGesture,0.584576540589071,0.584576540589071,0.415423459410929
7.866666666666666,0.1393616497516632,0.11989477995739506,0.019466871870918556,0.8606383502483368,NoGesture,0.8606383502483368,NoGesture,0.5966474933706549,0.5966474933706549,0.403352506629345
7.9,0.14759646356105804,0.1267236961927667,0.020872767368291356,0.852403536438942,NoGesture,0.852403536438942,NoGesture,0.6441987272761013,0.6441987272761013,0.35580127272389866
7.933333333333334,0.14943177998065948,0.12795066590174464,0.0214811118522078,0.8505682200193405,NoGesture,0.8505682200193405,NoGesture,0.7632898524918484,0.7632898524918484,0.23671014750815159
7.966666666666667,0.15064527094364166,0.1284892348365574,0.02215602937271588,0.8493547290563583,NoGesture,0.8493547290563583,NoGesture,0.7621759310941141,0.7621759310941141,0.23782406890588592
8.0,0.16148947179317474,0.13722632071710983,0.024263153482445565,0.8385105282068253,NoGesture,0.8385105282068253,NoGesture,0.5707569936460989,0.5707569936460989,0.429243006353901
8.033333333333333,0.16588960587978363,0.14066153988435914,0.025228065995424487,0.8341103941202164,NoGesture,0.8341103941202164,NoGesture,0.5052829135568438,0.5052829135568438,0.49471708644315615
8.066666666666666,0.16268561780452728,0.138118747631518,0.024566872597213907,0.8373143821954727,NoGesture,0.8373143821954727,NoGesture,0.4600574353925544,0.4600574353925544,0.5399425646074456
8.1,0.1664733737707138,0.14093445244679348,0.02553892628521348,0.8335266262292862,NoGesture,0.8335266262292862,NoGesture,0.5426938124947932,0.5426938124947932,0.4573061875052069
8.133333333333333,0.1659376323223114,0.14087287636373347,0.025064755958577933,0.8340623676776886,NoGesture,0.8340623676776886,NoGesture,0.7265401375147383,0.7265401375147383,0.2734598624852618
8.166666666666666,0.1684059500694275,0.14140716104454754,0.02699878400599154,0.8315940499305725,NoGesture,0.8315940499305725,NoGesture,0.7564786152813742,0.7564786152813742,0.24352138471862592
8.2,0.16566923260688782,0.13846427949842877,0.02720495804578693,0.8343307673931122,NoGesture,0.8343307673931122,NoGesture,0.8416621090561663,0.8416621090561663,0.1583378909438336
8.233333333333333,0.16232414543628693,0.1344327230913107,0.027891422344976213,0.8376758545637131,NoGesture,0.8376758545637131,NoGesture,0.8363266022324032,0.8363266022324032,0.16367339776759676
8.266666666666667,0.16015876829624176,0.1312837083779641,0.02887506946448415,0.8398412317037582,NoGesture,0.8398412317037582,NoGesture,0.8132705785445077,0.8132705785445077,0.1867294214554922
8.3,0.16026842594146729,0.13024443298878197,0.030023997729056617,0.8397315740585327,NoGesture,0.8397315740585327,NoGesture,0.7981859319575384,0.7981859319575384,0.2018140680424617
8.333333333333334,0.15898378193378448,0.12917305301417237,0.029810724181526194,0.8410162180662155,NoGesture,0.8410162180662155,NoGesture,0.7477996978081682,0.7477996978081682,0.25220030219183176
8.366666666666667,0.16060850024223328,0.12972961846981335,0.030878888952179384,0.8393914997577667,NoGesture,0.8393914997577667,NoGesture,0.7124651466615911,0.7124651466615911,0.2875348533384089
8.4,0.14808455109596252,0.11965789099023638,0.028426657899094376,0.8519154489040375,NoGesture,0.8519154489040375,NoGesture,0.7464830031851603,0.7464830031851603,0.2535169968148397
8.433333333333334,0.14546242356300354,0.11609488601490092,0.029367535380543597,0.8545375764369965,NoGesture,0.8545375764369965,NoGesture,0.8154568663095527,0.8154568663095527,0.1845431336904472
8.466666666666667,0.13908898830413818,0.11014474932080276,0.028944234838160554,0.8609110116958618,NoGesture,0.8609110116958618,NoGesture,0.83157112838167,0.83157112838167,0.16842887161832984
8.5,0.13059088587760925,0.10234445727476604,0.02824642665688737,0.8694091141223907,NoGesture,0.8694091141223907,NoGesture,0.7776137991687777,0.7776137991687777,0.2223862008312222
8.533333333333333,0.1290101259946823,0.10063169324859267,0.028378434668490327,0.8709898740053177,NoGesture,0.8709898740053177,NoGesture,0.7834755774610779,0.7834755774610779,0.21652442253892215
8.566666666666666,0.13224337995052338,0.1013274008549283,0.030915971213275384,0.8677566200494766,NoGesture,0.8677566200494766,NoGesture,0.7390403971756241,0.7390403971756241,0.26095960282437586
8.6,0.1326172798871994,0.09994197903044011,0.032675292952153434,0.8673827201128006,NoGesture,0.8673827201128006,NoGesture,0.7229744893114105,0.7229744893114105,0.27702551068858955
8.633333333333333,0.1364128142595291,0.10107808154827325,0.035334740842093204,0.8635871857404709,NoGesture,0.8635871857404709,NoGesture,0.7581911819992375,0.7581911819992375,0.24180881800076254
8.666666666666666,0.13769185543060303,0.10175738652309718,0.03593446480396878,0.862308144569397,NoGesture,0.862308144569397,NoGesture,0.7464826184306133,0.7464826184306133,0.25351738156938664
8.7,0.14120855927467346,0.1036011480733503,0.03760740699298015,0.8587914407253265,NoGesture,0.8587914407253265,NoGesture,0.6513438025469149,0.6513438025469149,0.34865619745308507
8.733333333333333,0.14208239316940308,0.10386822617715197,0.038214158523480535,0.8579176068305969,NoGesture,0.8579176068305969,NoGesture,0.7216987265242841,0.7216987265242841,0.2783012734757159
8.766666666666667,0.14165464043617249,0.10346984696871075,0.03818479768909899,0.8583453595638275,NoGesture,0.8583453595638275,NoGesture,0.7498472239681827,0.7498472239681827,0.25015277603181735
8.8,0.1323642134666443,0.09646880586329942,0.03589541154810583,0.8676357865333557,NoGesture,0.8676357865333557,NoGesture,0.7288736284554106,0.7288736284554106,0.2711263715445894
8.833333333333334,0.1315677911043167,0.0952860930616728,0.03628169804264392,0.8684322088956833,NoGesture,0.8684322088956833,NoGesture,0.6631417473462983,0.6631417473462983,0.3368582526537018
8.866666666666667,0.1269688606262207,0.09191311645514588,0.03505574795504174,0.8730311393737793,NoGesture,0.8730311393737793,NoGesture,0.7424820678089614,0.7424820678089614,0.2575179321910386
8.9,0.12491696327924728,0.08977782791799438,0.03513914280688413,0.8750830367207527,NoGesture,0.8750830367207527,NoGesture,0.7681111524603753,0.7681111524603753,0.23188884753962463
8.933333333333334,0.1282534897327423,0.09279539196493758,0.035458109234560276,0.8717465102672577,NoGesture,0.8717465102672577,NoGesture,0.764328266867955,0.764328266867955,0.235671733132045
8.966666666666667,0.1331133097410202,0.09563491752161113,0.037478392219409074,0.8668866902589798,NoGesture,0.8668866902589798,NoGesture,0.7592193428210925,0.7592193428210925,0.24078065717890756
9.0,0.1353980451822281,0.09729262548536699,0.03810541162650871,0.8646019548177719,NoGesture,0.8646019548177719,NoGesture,0.7691085909813682,0.7691085909813682,0.23089140901863178
9.033333333333333,0.13788966834545135,0.09860970854151319,0.03927995158507347,0.8621103316545486,NoGesture,0.8621103316545486,NoGesture,0.749807150831533,0.749807150831533,0.25019284916846696
9.066666666666666,0.13802754878997803,0.10028739328640057,0.037740155503577455,0.861972451210022,NoGesture,0.861972451210022,NoGesture,0.7804737863343615,0.7804737863343615,0.21952621366563851
9.1,0.13872285187244415,0.09960100593341803,0.03912185007328928,0.8612771481275558,NoGesture,0.8612771481275558,NoGesture,0.7074780632253301,0.7074780632253301,0.2925219367746699
9.133333333333333,0.1387801617383957,0.09913591899692875,0.0396442344695247,0.8612198382616043,NoGesture,0.8612198382616043,NoGesture,0.6496423141544985,0.6496423141544985,0.3503576858455016
9.166666666666666,0.13837619125843048,0.09855930745771335,0.03981688792464899,0.8616238087415695,NoGesture,0.8616238087415695,NoGesture,0.5168740124677099,0.5168740124677099,0.4831259875322901
9.2,0.13465099036693573,0.09775317740445821,0.03689780493665307,0.8653490096330643,NoGesture,0.8653490096330643,NoGesture,0.5595909003508293,0.5595909003508293,0.44040909964917085
9.233333333333333,0.13009168207645416,0.09496544161596177,0.03512623658345815,0.8699083179235458,NoGesture,0.8699083179235458,NoGesture,0.5846531698587716,0.5846531698587716,0.4153468301412283
9.266666666666667,0.12100660800933838,0.08955702981247526,0.031449578196863115,0.8789933919906616,NoGesture,0.8789933919906616,NoGesture,0.5935787035054497,0.5935787035054497,0.4064212964945502
9.3,0.11967649310827255,0.08995352062329598,0.02972296713502043,0.8803235068917274,NoGesture,0.8803235068917274,NoGesture,0.6726760180561809,0.6726760180561809,0.327323981943819
9.333333333333334,0.11854447424411774,0.09069407444252331,0.02785039803514411,0.8814555257558823,NoGesture,0.8814555257558823,NoGesture,0.5576960690770681,0.5576960690770681,0.4423039309229319
9.366666666666667,0.11863106489181519,0.09083156175110929,0.027799506676187136,0.8813689351081848,NoGesture,0.8813689351081848,NoGesture,0.55325005884356,0.55325005884356,0.44674994115643996
9.4,0.11618936061859131,0.09001478394482376,0.02617458013648033,0.8838106393814087,NoGesture,0.8838106393814087,NoGesture,0.5172036890936295,0.5172036890936295,0.4827963109063705
9.433333333333334,0.11580531299114227,0.09069781986244418,0.025107494854331724,0.8841946870088577,NoGesture,0.8841946870088577,NoGesture,0.5893315453778807,0.5893315453778807,0.4106684546221193
9.466666666666667,0.11836665868759155,0.09474796385039141,0.023618687781997494,0.8816333413124084,NoGesture,0.8816333413124084,NoGesture,0.6690183674701534,0.6690183674701534,0.3309816325298467
9.5,0.12235565483570099,0.09924895892016217,0.023106699562021493,0.877644345164299,NoGesture,0.877644345164299,NoGesture,0.6998015054957918,0.6998015054957918,0.30019849450420816
9.533333333333333,0.12079041451215744,0.09998833670889606,0.020802070603591627,0.8792095854878426,NoGesture,0.8792095854878426,NoGesture,0.6239894739201154,0.6239894739201154,0.37601052607988456
9.566666666666666,0.13047827780246735,0.10877243765807698,0.021705844032946064,0.8695217221975327,NoGesture,0.8695217221975327,NoGesture,0.6149657216404933,0.6149657216404933,0.38503427835950665
9.6,0.14384743571281433,0.12142364372386538,0.02242379198894895,0.8561525642871857,NoGesture,0.8561525642871857,NoGesture,0.5431943452902005,0.5431943452902005,0.45680565470979956
9.633333333333333,0.1531134843826294,0.1288834710734008,0.024230017872366005,0.8468865156173706,NoGesture,0.8468865156173706,NoGesture,0.572526685734199,0.572526685734199,0.42747331426580104
9.666666666666666,0.15159103274345398,0.12786196089823676,0.02372907184521722,0.848408967256546,NoGesture,0.848408967256546,NoGesture,0.6452681133359508,0.6452681133359508,0.3547318866640492
9.7,0.16547735035419464,0.13924491694547392,0.026232440806134738,0.8345226496458054,NoGesture,0.8345226496458054,NoGesture,0.7666933730589058,0.7666933730589058,0.23330662694109416
9.733333333333333,0.17519190907478333,0.14692508927938164,0.028266832848216072,0.8248080909252167,NoGesture,0.8248080909252167,NoGesture,0.7643201026124604,0.7643201026124604,0.23567989738753958
9.766666666666667,0.17967158555984497,0.1502250694349705,0.02944651344755922,0.820328414440155,NoGesture,0.820328414440155,NoGesture,0.8008653879201056,0.8008653879201056,0.19913461207989433
9.8,0.18467934429645538,0.1544992620295842,0.030180071259124475,0.8153206557035446,NoGesture,0.8153206557035446,NoGesture,0.7298202965574135,0.7298202965574135,0.2701797034425864
9.833333333333334,0.1931694895029068,0.16138843424580607,0.03178105525710073,0.8068305104970932,NoGesture,0.8068305104970932,NoGesture,0.6883504701698231,0.6883504701698231,0.31164952983017685
9.866666666666667,0.19819162786006927,0.16491691407314768,0.03327470492706541,0.8018083721399307,NoGesture,0.8018083721399307,NoGesture,0.7125461169521488,0.7125461169521488,0.2874538830478513
9.9,0.19879832863807678,0.16379469142646208,0.03500363128696282,0.8012016713619232,NoGesture,0.8012016713619232,NoGesture,0.670151948039787,0.670151948039787,0.32984805196021316
9.933333333333334,0.19243590533733368,0.15764746978553568,0.03478844415435334,0.8075640946626663,NoGesture,0.8075640946626663,NoGesture,0.6973515598248883,0.6973515598248883,0.3026484401751117
9.966666666666667,0.18450775742530823,0.14993097375295683,0.03457677267483206,0.8154922425746918,NoGesture,0.8154922425746918,NoGesture,0.714644829313076,0.714644829313076,0.285355170686924
10.0,0.17339619994163513,0.13982752263234666,0.0335686798930932,0.8266038000583649,NoGesture,0.8266038000583649,NoGesture,0.6596394715196849,0.6596394715196849,0.34036052848031517
10.033333333333333,0.1712752878665924,0.13756816940192707,0.03370712612126736,0.8287247121334076,NoGesture,0.8287247121334076,NoGesture,0.6760356939116836,0.6760356939116836,0.32396430608831633
10.066666666666666,0.16899631917476654,0.1354140290328436,0.03358229014192293,0.8310036808252335,NoGesture,0.8310036808252335,NoGesture,0.6174157539345336,0.6174157539345336,0.38258424606546637
10.1,0.16653890907764435,0.13267736000937624,0.033861546586644975,0.8334610909223557,NoGesture,0.8334610909223557,NoGesture,0.6059893293953493,0.6059893293953493,0.39401067060465067
10.133333333333333,0.17507687211036682,0.13648983981963347,0.03858703750843073,0.8249231278896332,NoGesture,0.8249231278896332,NoGesture,0.5161618285120848,0.5161618285120848,0.4838381714879152
10.166666666666666,0.1708049476146698,0.1305596785153611,0.04024525891854047,0.8291950523853302,NoGesture,0.8291950523853302,NoGesture,0.5724317322369041,0.5724317322369041,0.42756826776309587
10.2,0.15998290479183197,0.12099742182388074,0.03898547820008913,0.840017095208168,NoGesture,0.840017095208168,NoGesture,0.5362546242804074,0.5362546242804074,0.4637453757195926
10.233333333333333,0.150955468416214,0.11250761371583984,0.03844785470037415,0.849044531583786,NoGesture,0.849044531583786,NoGesture,0.5833512596815391,0.5833512596815391,0.416648740318461
10.266666666666667,0.1394372582435608,0.10308835206283717,0.03634890618072362,0.8605627417564392,NoGesture,0.8605627417564392,NoGesture,0.7613932725413053,0.7613932725413053,0.2386067274586947
10.3,0.1332009732723236,0.09794550266940583,0.03525547060291778,0.8667990267276764,NoGesture,0.8667990267276764,NoGesture,0.8051253816875438,0.8051253816875438,0.19487461831245614
10.333333333333334,0.1219048798084259,0.08904141999860649,0.03286345980981942,0.8780951201915741,NoGesture,0.8780951201915741,NoGesture,0.8550613732762922,0.8550613732762922,0.14493862672370786
10.366666666666667,0.11333869397640228,0.0817206386963516,0.031618051902294386,0.8866613060235977,NoGesture,0.8866613060235977,NoGesture,0.8398832376109239,0.8398832376109239,0.1601167623890761
10.4,0.10240187495946884,0.0720116700829152,0.03039020487655364,0.8975981250405312,NoGesture,0.8975981250405312,NoGesture,0.8118366538284452,0.8118366538284452,0.18816334617155486
10.433333333333334,0.09026160836219788,0.06284199441351035,0.027419608568676423,0.9097383916378021,NoGesture,0.9097383916378021,NoGesture,0.7588005900356531,0.7588005900356531,0.2411994099643469
10.466666666666667,0.08073444664478302,0.055171224040003075,0.025563222604779945,0.919265553355217,NoGesture,0.919265553355217,NoGesture,0.7727154829802192,0.7727154829802192,0.2272845170197807
10.5,0.07417663931846619,0.05040790187758937,0.02376873744087682,0.9258233606815338,NoGesture,0.9258233606815338,NoGesture,0.7294597756811289,0.7294597756811289,0.2705402243188712
10.533333333333333,0.06869497895240784,0.04648253445929029,0.022212440398577726,0.9313050210475922,NoGesture,0.9313050210475922,NoGesture,0.8293331784573066,0.8293331784573066,0.1706668215426934
10.566666666666666,0.06875184923410416,0.046669532961901794,0.022082310125308036,0.9312481507658958,NoGesture,0.9312481507658958,NoGesture,0.8273799975730964,0.8273799975730964,0.17262000242690348
10.6,0.07162116467952728,0.04883281757937841,0.022788349234625915,0.9283788353204727,NoGesture,0.9283788353204727,NoGesture,0.8194462553953763,0.8194462553953763,0.18055374460462362
10.633333333333333,0.06944742053747177,0.04810951271531083,0.02133790782216094,0.9305525794625282,NoGesture,0.9305525794625282,NoGesture,0.7919594598814098,0.7919594598814098,0.20804054011859013
10.666666666666666,0.06827665865421295,0.04720077155681324,0.021075885062596722,0.931723341345787,NoGesture,0.931723341345787,NoGesture,0.8142202626244524,0.8142202626244524,0.18577973737554773
10.7,0.06938951462507248,0.04830904717018836,0.021080471590821492,0.9306104853749275,NoGesture,0.9306104853749275,NoGesture,0.7688060610167898,0.7688060610167898,0.23119393898321008
10.733333333333333,0.06700442731380463,0.04726266987344374,0.01974175544347334,0.9329955726861954,NoGesture,0.9329955726861954,NoGesture,0.7451174556573871,0.7451174556573871,0.2548825443426128
10.766666666666667,0.06699670106172562,0.04755619949673662,0.019440505558303567,0.9330032989382744,NoGesture,0.9330032989382744,NoGesture,0.7286541095301025,0.7286541095301025,0.27134589046989754
10.8,0.05515933781862259,0.0391026142907589,0.01605672681561643,0.9448406621813774,NoGesture,0.9448406621813774,NoGesture,0.781388289377417,0.781388289377417,0.21861171062258303
10.833333333333334,0.04641162231564522,0.032979491079554446,0.013432131236090772,0.9535883776843548,NoGesture,0.9535883776843548,NoGesture,0.783829688557346,0.783829688557346,0.21617031144265397
10.866666666666667,0.03954476863145828,0.028574096900383594,0.010970669374022801,0.9604552313685417,NoGesture,0.9604552313685417,NoGesture,0.707041127340411,0.707041127340411,0.29295887265958903
10.9,0.037033867090940475,0.02711129585154981,0.009922569032000172,0.9629661329090595,NoGesture,0.9629661329090595,NoGesture,0.7461874474145862,0.7461874474145862,0.25381255258541385
10.933333333333334,0.037831734865903854,0.02802976837754123,0.009801965360889064,0.9621682651340961,NoGesture,0.9621682651340961,NoGesture,0.7488534498498695,0.7488534498498695,0.25114655015013054
10.966666666666667,0.039689816534519196,0.029545855054761372,0.01014396384545524,0.9603101834654808,NoGesture,0.9603101834654808,NoGesture,0.7569241010677821,0.7569241010677821,0.24307589893221804
11.0,0.04440394043922424,0.03299333069466215,0.011410611067902643,0.9555960595607758,NoGesture,0.9555960595607758,NoGesture,0.822634375081588,0.822634375081588,0.177365624918412
11.033333333333333,0.049112044274806976,0.03650040521931386,0.012611636128187165,0.950887955725193,NoGesture,0.950887955725193,NoGesture,0.8263123275770693,0.8263123275770693,0.17368767242293068
11.066666666666666,0.05090789496898651,0.03778324577815262,0.01312465070800739,0.9490921050310135,NoGesture,0.9490921050310135,NoGesture,0.8289077181006492,0.8289077181006492,0.17109228189935077
11.1,0.051664210855960846,0.03864335292564203,0.013020857930318819,0.9483357891440392,NoGesture,0.9483357891440392,NoGesture,0.9060655892894206,0.9060655892894206,0.09393441071057927
11.133333333333333,0.0547165684401989,0.04107881953189629,0.013637748908302605,0.9452834315598011,NoGesture,0.9452834315598011,NoGesture,0.8756813403162408,0.8756813403162408,0.12431865968375919
11.166666666666666,0.05974182114005089,0.04518114953041019,0.01456067071941819,0.9402581788599491,NoGesture,0.9402581788599491,NoGesture,0.8094670504360651,0.8094670504360651,0.19053294956393496
11.2,0.058562587946653366,0.04411480720620253,0.014447784231053085,0.9414374120533466,NoGesture,0.9414374120533466,NoGesture,0.8242857909469701,0.8242857909469701,0.17571420905303003
11.233333333333333,0.05959516391158104,0.045009835836860024,0.01458532896275816,0.940404836088419,NoGesture,0.940404836088419,NoGesture,0.8169189014121131,0.8169189014121131,0.183081098587887
11.266666666666667,0.06287277489900589,0.047663803995943166,0.015208968092430664,0.9371272251009941,NoGesture,0.9371272251009941,NoGesture,0.8189204090472038,0.8189204090472038,0.18107959095279633
11.3,0.06377880275249481,0.04832444780651546,0.015454356846735795,0.9362211972475052,NoGesture,0.9362211972475052,NoGesture,0.8017199756858411,0.8017199756858411,0.198280024314159
11.333333333333334,0.06639284640550613,0.0499422745742617,0.01645057183124443,0.9336071535944939,NoGesture,0.9336071535944939,NoGesture,0.8333878650501843,0.8333878650501843,0.1666121349498157
11.366666666666667,0.07006867229938507,0.0525001050442464,0.017568567255138667,0.9299313277006149,NoGesture,0.9299313277006149,NoGesture,0.8625058695323049,0.8625058695323049,0.13749413046769507
11.4,0.07516517490148544,0.056239766582210304,0.018925410559371914,0.9248348250985146,NoGesture,0.9248348250985146,NoGesture,0.8378936198779983,0.8378936198779983,0.16210638012200176
11.433333333333334,0.08053522557020187,0.06073655507316644,0.01979867049703543,0.9194647744297981,NoGesture,0.9194647744297981,NoGesture,0.7825374952449408,0.7825374952449408,0.2174625047550591
11.466666666666667,0.07851671427488327,0.05958485455475282,0.018931855040169587,0.9214832857251167,NoGesture,0.9214832857251167,NoGesture,0.7955846294969199,0.7955846294969199,0.20441537050308006
11.5,0.07419396191835403,0.05662137238289455,0.017572588429883296,0.925806038081646,NoGesture,0.925806038081646,NoGesture,0.8044210673983383,0.8044210673983383,0.19557893260166165
11.533333333333333,0.07170793414115906,0.05491830406730358,0.01678962686826102,0.9282920658588409,NoGesture,0.9282920658588409,NoGesture,0.8185902361779214,0.8185902361779214,0.1814097638220787
11.566666666666666,0.07105188816785812,0.05466524763595437,0.016386644766926306,0.9289481118321419,NoGesture,0.9289481118321419,NoGesture,0.7348785526954916,0.7348785526954916,0.2651214473045084
11.6,0.06935129314661026,0.05316407389625066,0.01618721718353,0.9306487068533897,NoGesture,0.9306487068533897,NoGesture,0.7900767063968889,0.7900767063968889,0.20992329360311116
11.633333333333333,0.06747286766767502,0.05162507575531716,0.01584779090693378,0.932527132332325,NoGesture,0.932527132332325,NoGesture,0.6868297318251104,0.6868297318251104,0.3131702681748897
11.666666666666666,0.06165304780006409,0.047207487743460064,0.014445558219200016,0.9383469521999359,NoGesture,0.9383469521999359,NoGesture,0.6797275716038412,0.6797275716038412,0.3202724283961588
11.7,0.056439630687236786,0.04378414250500917,0.012655488182227614,0.9435603693127632,NoGesture,0.9435603693127632,NoGesture,0.6866782403969469,0.6866782403969469,0.3133217596030532
11.733333333333333,0.0513516329228878,0.04004738235923688,0.01130425056365092,0.9486483670771122,NoGesture,0.9486483670771122,NoGesture,0.7270655024141054,0.7270655024141054,0.2729344975858946
11.766666666666667,0.04996224120259285,0.0392186751167396,0.010743566085853251,0.9500377587974072,NoGesture,0.9500377587974072,NoGesture,0.822946968161153,0.822946968161153,0.177053031838847
11.8,0.047474805265665054,0.03738420026813505,0.010090607119819184,0.952525194734335,NoGesture,0.952525194734335,NoGesture,0.8980104823952324,0.8980104823952324,0.10198951760476757
11.833333333333334,0.04559328034520149,0.03619954410208903,0.009393734884326821,0.9544067196547985,NoGesture,0.9544067196547985,NoGesture,0.839742358718982,0.839742358718982,0.16025764128101813
11.866666666666667,0.0430506207048893,0.03463977395379936,0.008410847392594178,0.9569493792951107,NoGesture,0.9569493792951107,NoGesture,0.8255203990485406,0.8255203990485406,0.1744796009514594
11.9,0.04024095833301544,0.032714348204399,0.00752660832970542,0.9597590416669846,NoGesture,0.9597590416669846,NoGesture,0.8029224697343395,0.8029224697343395,0.1970775302656605
11.933333333333334,0.03712526708841324,0.0304048747853769,0.006720393409455516,0.9628747329115868,NoGesture,0.9628747329115868,NoGesture,0.8548825128443962,0.8548825128443962,0.14511748715560382
11.966666666666667,0.0339197963476181,0.028244739935690433,0.00567505641192767,0.9660802036523819,NoGesture,0.9660802036523819,NoGesture,0.8723609045856899,0.8723609045856899,0.12763909541431
12.0,0.03309691697359085,0.027549333953051036,0.005547584006904804,0.9669030830264091,NoGesture,0.9669030830264091,NoGesture,0.7888827752368074,0.7888827752368074,0.21111722476319247
12.033333333333333,0.0322452113032341,0.026831210662591864,0.005414001601624419,0.9677547886967659,NoGesture,0.9677547886967659,NoGesture,0.7644137223942519,0.7644137223942519,0.2355862776057481
12.066666666666666,0.030740082263946533,0.025780722967148506,0.004959360212923869,0.9692599177360535,NoGesture,0.9692599177360535,NoGesture,0.7739394621090881,0.7739394621090881,0.22606053789091185
12.1,0.029790759086608887,0.02506369928848784,0.004727059354204144,0.9702092409133911,NoGesture,0.9702092409133911,NoGesture,0.8283805736804349,0.8283805736804349,0.17161942631956498
12.133333333333333,0.029572676867246628,0.02507772663408625,0.0044949497924931525,0.9704273231327534,NoGesture,0.9704273231327534,NoGesture,0.8670839030409222,0.8670839030409222,0.13291609695907783
12.166666666666666,0.028894567862153053,0.024569351129840933,0.004325215871186894,0.971105432137847,NoGesture,0.971105432137847,NoGesture,0.8832008449649283,0.8832008449649283,0.11679915503507173
12.2,0.02788252755999565,0.023756619747398622,0.004125906150668879,0.9721174724400043,NoGesture,0.9721174724400043,NoGesture,0.8521405465643646,0.8521405465643646,0.1478594534356355
12.233333333333333,0.028521517291665077,0.02443804068559441,0.004083476181066942,0.9714784827083349,NoGesture,0.9714784827083349,NoGesture,0.806171874419978,0.806171874419978,0.19382812558002194
12.266666666666667,0.02970343641936779,0.02542213874276955,0.004281297233982545,0.9702965635806322,NoGesture,0.9702965635806322,NoGesture,0.845360720449191,0.845360720449191,0.15463927955080903
12.3,0.028822388499975204,0.02448413630102042,0.004338253916903012,0.9711776115000248,NoGesture,0.9711776115000248,NoGesture,0.8913156885821764,0.8913156885821764,0.10868431141782353
12.333333333333334,0.026921339333057404,0.022840601756224377,0.004080738379151461,0.9730786606669426,NoGesture,0.9730786606669426,NoGesture,0.8916506073050584,0.8916506073050584,0.10834939269494152
12.366666666666667,0.024236461147665977,0.020596508497398025,0.0036399537337221954,0.975763538852334,NoGesture,0.975763538852334,NoGesture,0.9033199815627236,0.9033199815627236,0.09668001843727639
12.4,0.022186774760484695,0.018861581151309537,0.0033251932785664517,0.9778132252395153,NoGesture,0.9778132252395153,NoGesture,0.9007866751653125,0.9007866751653125,0.0992133248346875
12.433333333333334,0.02091033011674881,0.017664356307458995,0.0032459741208780146,0.9790896698832512,NoGesture,0.9790896698832512,NoGesture,0.9086092718282981,0.9086092718282981,0.09139072817170185
12.466666666666667,0.020323587581515312,0.017111774046108752,0.0032118132325615056,0.9796764124184847,NoGesture,0.9796764124184847,NoGesture,0.8961092609415214,0.8961092609415214,0.10389073905847854
12.5,0.020210275426506996,0.016996561370158814,0.003213713152878467,0.979789724573493,NoGesture,0.979789724573493,NoGesture,0.8448988244426534,0.8448988244426534,0.15510117555734657
12.533333333333333,0.020042801275849342,0.016801991205006694,0.0032408097721816354,0.9799571987241507,NoGesture,0.9799571987241507,NoGesture,0.8236072394868578,0.8236072394868578,0.17639276051314226
12.566666666666666,0.020204860717058182,0.016923975362995725,0.0032808841497589114,0.9797951392829418,NoGesture,0.9797951392829418,NoGesture,0.8231339773155041,0.8231339773155041,0.1768660226844959
12.6,0.020439058542251587,0.01716928254369421,0.003269777216820202,0.9795609414577484,NoGesture,0.9795609414577484,NoGesture,0.8514964778563751,0.8514964778563751,0.14850352214362497
12.633333333333333,0.020508628338575363,0.01723451693588096,0.0032741117082967786,0.9794913716614246,NoGesture,0.9794913716614246,NoGesture,0.8687403297243486,0.8687403297243486,0.1312596702756515
12.666666666666666,0.02022923342883587,0.01699086146212636,0.003238371966709508,0.9797707665711641,NoGesture,0.9797707665711641,NoGesture,0.8780260136315977,0.8780260136315977,0.12197398636840238
12.7,0.020460862666368484,0.017139352622372872,0.003321509434214387,0.9795391373336315,NoGesture,0.9795391373336315,NoGesture,0.9262789920976021,0.9262789920976021,0.07372100790239795
12.733333333333333,0.02055947668850422,0.017197661352048033,0.003361815949176339,0.9794405233114958,NoGesture,0.9794405233114958,NoGesture,0.9140399539804903,0.9140399539804903,0.0859600460195096
12.766666666666667,0.019688008353114128,0.01647350270251624,0.0032145062373462596,0.9803119916468859,NoGesture,0.9803119916468859,NoGesture,0.9328033953643239,0.9328033953643239,0.06719660463567612
12.8,0.018407315015792847,0.015331634579004216,0.0030756804367886303,0.9815926849842072,NoGesture,0.9815926849842072,NoGesture,0.9337255276090982,0.9337255276090982,0.06627447239090183
12.833333333333334,0.017934083938598633,0.014839837415777879,0.0030942459883434026,0.9820659160614014,NoGesture,0.9820659160614014,NoGesture,0.9328825850409113,0.9328825850409113,0.0671174149590887
12.866666666666667,0.01735798828303814,0.014284813457458578,0.0030731758601962866,0.9826420117169619,NoGesture,0.9826420117169619,NoGesture,0.9266484734574048,0.9266484734574048,0.07335152654259525
12.9,0.016905464231967926,0.013937147991442522,0.0029683157367033086,0.9830945357680321,NoGesture,0.9830945357680321,NoGesture,0.8948914960457972,0.8948914960457972,0.10510850395420282
12.933333333333334,0.01670544594526291,0.013790337853215817,0.0029151088388387203,0.9832945540547371,NoGesture,0.9832945540547371,NoGesture,0.9049610446033256,0.9049610446033256,0.09503895539667434
12.966666666666667,0.017482474446296692,0.01447419583240439,0.003008277832364792,0.9825175255537033,NoGesture,0.9825175255537033,NoGesture,0.8944998413316151,0.8944998413316151,0.10550015866838494
13.0,0.018154490739107132,0.014993218559187005,0.003161271909397134,0.9818455092608929,NoGesture,0.9818455092608929,NoGesture,0.8871880929945383,0.8871880929945383,0.11281190700546177
13.033333333333333,0.018386568874120712,0.015113076248360002,0.0032734937216856164,0.9816134311258793,NoGesture,0.9816134311258793,NoGesture,0.8693329086815293,0.8693329086815293,0.13066709131847065
13.066666666666666,0.019017336890101433,0.015606705254958553,0.0034106302182408677,0.9809826631098986,NoGesture,0.9809826631098986,NoGesture,0.8366928144394106,0.8366928144394106,0.1633071855605895
13.1,0.0199087206274271,0.016296706718356258,0.0036120139090708436,0.9800912793725729,NoGesture,0.9800912793725729,NoGesture,0.7931253637267973,0.7931253637267973,0.2068746362732026
13.133333333333333,0.020757339894771576,0.01699921231826984,0.0037581275765017352,0.9792426601052284,NoGesture,0.9792426601052284,NoGesture,0.775463014196646,0.775463014196646,0.22453698580335407
13.166666666666666,0.021982483565807343,0.017998659462211464,0.003983823776031348,0.9780175164341927,NoGesture,0.9780175164341927,NoGesture,0.816103376554367,0.816103376554367,0.18389662344563293
13.2,0.02278255484998226,0.01873285679087766,0.004049697040645034,0.9772174451500177,NoGesture,0.9772174451500177,NoGesture,0.8369204562501029,0.8369204562501029,0.1630795437498971
13.233333333333333,0.023007970303297043,0.01893583552553535,0.004072134434916219,0.976992029696703,NoGesture,0.976992029696703,NoGesture,0.861852594155896,0.861852594155896,0.13814740584410404
13.266666666666667,0.02349444292485714,0.01939074184515288,0.004103700729609777,0.9765055570751429,NoGesture,0.9765055570751429,NoGesture,0.8243159417292496,0.8243159417292496,0.1756840582707504
13.3,0.023596126586198807,0.0192754187810229,0.004320708508395277,0.9764038734138012,NoGesture,0.9764038734138012,NoGesture,0.835675285567151,0.835675285567151,0.16432471443284893
13.333333333333334,0.02326899953186512,0.018926946668957223,0.004342051129232333,0.9767310004681349,NoGesture,0.9767310004681349,NoGesture,0.8436890331234878,0.8436890331234878,0.1563109668765123
13.366666666666667,0.022919904440641403,0.018581704771035712,0.004338199328072501,0.9770800955593586,NoGesture,0.9770800955593586,NoGesture,0.8415436045381819,0.8415436045381819,0.15845639546181817
13.4,0.022582150995731354,0.018404516269732163,0.004177634725999191,0.9774178490042686,NoGesture,0.9774178490042686,NoGesture,0.8223458361503656,0.8223458361503656,0.17765416384963442
13.433333333333334,0.02293439768254757,0.018550044437714797,0.004384353244832773,0.9770656023174524,NoGesture,0.9770656023174524,NoGesture,0.8262216328348017,0.8262216328348017,0.17377836716519843
13.466666666666667,0.022433314472436905,0.018174651185906887,0.004258663286530018,0.9775666855275631,NoGesture,0.9775666855275631,NoGesture,0.8208826778811208,0.8208826778811208,0.17911732211887907
13.5,0.023852575570344925,0.019293883443161297,0.004558691060890407,0.9761474244296551,NoGesture,0.9761474244296551,NoGesture,0.8582069636603306,0.8582069636603306,0.14179303633966944
13.533333333333333,0.02456784062087536,0.019964255288565047,0.004603586796667725,0.9754321593791246,NoGesture,0.9754321593791246,NoGesture,0.8977245461664468,0.8977245461664468,0.10227545383355313
13.566666666666666,0.025368543341755867,0.020607848256456784,0.004760693573216068,0.9746314566582441,NoGesture,0.9746314566582441,NoGesture,0.8589448137539064,0.8589448137539064,0.14105518624609356
13.6,0.025233233347535133,0.020614872622962244,0.004618361100577367,0.9747667666524649,NoGesture,0.9747667666524649,NoGesture,0.8442911018438419,0.8442911018438419,0.15570889815615813
13.633333333333333,0.026197416707873344,0.021502500958379356,0.00469491496875013,0.9738025832921267,NoGesture,0.9738025832921267,NoGesture,0.8528482116548025,0.8528482116548025,0.1471517883451976
13.666666666666666,0.026736583560705185,0.022145010151429556,0.004591571417244922,0.9732634164392948,NoGesture,0.9732634164392948,NoGesture,0.8854046160676194,0.8854046160676194,0.1145953839323806
13.7,0.0268805343657732,0.022355703204432587,0.004524830760789439,0.9731194656342268,NoGesture,0.9731194656342268,NoGesture,0.911135461403537,0.911135461403537,0.08886453859646307
13.733333333333333,0.02722364291548729,0.022902053555772017,0.004321588548387489,0.9727763570845127,NoGesture,0.9727763570845127,NoGesture,0.9121455623023835,0.9121455623023835,0.08785443769761649
13.766666666666667,0.027348333969712257,0.023167162198683977,0.004181170955984415,0.9726516660302877,NoGesture,0.9726516660302877,NoGesture,0.9144015989362632,0.9144015989362632,0.0855984010637368
13.8,0.02757140062749386,0.023495392027977458,0.004076008599516401,0.9724285993725061,NoGesture,0.9724285993725061,NoGesture,0.8930936230087599,0.8930936230087599,0.10690637699124017
13.833333333333334,0.028389224782586098,0.024164225768084857,0.004225000706630899,0.9716107752174139,NoGesture,0.9716107752174139,NoGesture,0.8702881444433936,0.8702881444433936,0.12971185555660641
13.866666666666667,0.029031261801719666,0.024756493387823042,0.004274769711695159,0.9709687381982803,NoGesture,0.9709687381982803,NoGesture,0.8539871150113103,0.8539871150113103,0.1460128849886896
13.9,0.029778363183140755,0.025349646138957738,0.004428717044183017,0.9702216368168592,NoGesture,0.9702216368168592,NoGesture,0.8512577381274001,0.8512577381274001,0.14874226187259992
13.933333333333334,0.031133394688367844,0.02655685758106774,0.004576537571223838,0.9688666053116322,NoGesture,0.9688666053116322,NoGesture,0.87630020118338,0.87630020118338,0.12369979881662002
13.966666666666667,0.03167392313480377,0.027018611130960046,0.0046553134197784285,0.9683260768651962,NoGesture,0.9683260768651962,NoGesture,0.8898683994177733,0.8898683994177733,0.11013160058222672
14.0,0.03205781430006027,0.0273533863206068,0.004704427501754815,0.9679421856999397,NoGesture,0.9679421856999397,NoGesture,0.8190002874494404,0.8190002874494404,0.18099971255055958
14.033333333333333,0.03171204403042793,0.02705048271992605,0.004661561310501883,0.9682879559695721,NoGesture,0.9682879559695721,NoGesture,0.7993396487571619,0.7993396487571619,0.20066035124283804
14.066666666666666,0.031190883368253708,0.02682471602022285,0.004366167348030858,0.9688091166317463,NoGesture,0.9688091166317463,NoGesture,0.7679567289317792,0.7679567289317792,0.2320432710682208
14.1,0.030298510566353798,0.02608546815135171,0.004213042415002088,0.9697014894336462,NoGesture,0.9697014894336462,NoGesture,0.7609586350622478,0.7609586350622478,0.23904136493775224
14.133333333333333,0.03068167343735695,0.02646511079821634,0.00421656309633317,0.969318326562643,NoGesture,0.969318326562643,NoGesture,0.8016878954127357,0.8016878954127357,0.1983121045872643
14.166666666666666,0.031079523265361786,0.026827933677539217,0.0042515886615805965,0.9689204767346382,NoGesture,0.9689204767346382,NoGesture,0.8607481604924531,0.8607481604924531,0.13925183950754685
14.2,0.030816495418548584,0.026632720974646418,0.004183773984700601,0.9691835045814514,NoGesture,0.9691835045814514,NoGesture,0.8908018720134668,0.8908018720134668,0.10919812798653322
14.233333333333333,0.030188189819455147,0.026232725976010896,0.003955464293283334,0.9698118101805449,NoGesture,0.9698118101805449,NoGesture,0.8463705601703916,0.8463705601703916,0.15362943982960836
14.266666666666667,0.030212337151169777,0.02636398828177733,0.0038483488693924484,0.9697876628488302,NoGesture,0.9697876628488302,NoGesture,0.8303722806372924,0.8303722806372924,0.16962771936270768
14.3,0.029437847435474396,0.025743663598637223,0.003694183398179063,0.9705621525645256,NoGesture,0.9705621525645256,NoGesture,0.8294083965268091,0.8294083965268091,0.17059160347319102
14.333333333333334,0.02921968139708042,0.02569065741706411,0.0035290257216450405,0.9707803186029196,NoGesture,0.9707803186029196,NoGesture,0.8705921454600857,0.8705921454600857,0.12940785453991435
14.366666666666667,0.028824780136346817,0.025416002122788495,0.0034087780135583223,0.9711752198636532,NoGesture,0.9711752198636532,NoGesture,0.8600504454622386,0.8600504454622386,0.1399495545377614
14.4,0.028924908488988876,0.025699316703415187,0.0032255902770221556,0.9710750915110111,NoGesture,0.9710750915110111,NoGesture,0.8468854404960379,0.8468854404960379,0.1531145595039622
14.433333333333334,0.02856103703379631,0.025404472773927766,0.0031565640470722356,0.9714389629662037,NoGesture,0.9714389629662037,NoGesture,0.7972185897872724,0.7972185897872724,0.20278141021272753
14.466666666666667,0.0289524644613266,0.02589143437240171,0.0030610309517755674,0.9710475355386734,NoGesture,0.9710475355386734,NoGesture,0.8138746636253467,0.8138746636253467,0.18612533637465328
14.5,0.02923923172056675,0.026134813645895427,0.0031044176389728173,0.9707607682794333,NoGesture,0.9707607682794333,NoGesture,0.860984469349419,0.860984469349419,0.13901553065058098
14.533333333333333,0.03084944747388363,0.02740703583950166,0.0034424109448430856,0.9691505525261164,NoGesture,0.9691505525261164,NoGesture,0.720011451183459,0.720011451183459,0.2799885488165409
14.566666666666666,0.030224334448575974,0.026743325729750467,0.0034810109707139048,0.969775665551424,NoGesture,0.969775665551424,NoGesture,0.6950560516992629,0.6950560516992629,0.3049439483007372
14.6,0.02950296550989151,0.02604023206474393,0.003462732785704914,0.9704970344901085,NoGesture,0.9704970344901085,NoGesture,0.6328686449270329,0.6328686449270329,0.3671313550729671
14.633333333333333,0.02880214899778366,0.025231447818111707,0.0035707016088574184,0.9711978510022163,NoGesture,0.9711978510022163,NoGesture,0.6857524191961256,0.6857524191961256,0.31424758080387444
14.666666666666666,0.02708178013563156,0.02399712002304044,0.0030846597090411487,0.9729182198643684,NoGesture,0.9729182198643684,NoGesture,0.6906141204413132,0.6906141204413132,0.30938587955868685
14.7,0.026661846786737442,0.023760608940653904,0.0029012384420222526,0.9733381532132626,NoGesture,0.9733381532132626,NoGesture,0.6336432005001587,0.6336432005001587,0.3663567994998414
14.733333333333333,0.027035897597670555,0.024281742642272786,0.002754153545365831,0.9729641024023294,NoGesture,0.9729641024023294,NoGesture,0.6645648182197258,0.6645648182197258,0.33543518178027426
14.766666666666667,0.028907623142004013,0.02610491723866737,0.002802705903336644,0.971092376857996,NoGesture,0.971092376857996,NoGesture,0.7118837517504004,0.7118837517504004,0.2881162482495996
14.8,0.028989741578698158,0.026340356603350545,0.002649385623318831,0.9710102584213018,NoGesture,0.9710102584213018,NoGesture,0.704560934579915,0.704560934579915,0.295439065420085
14.833333333333334,0.029638046398758888,0.02712510206303753,0.0025129458814659306,0.9703619536012411,NoGesture,0.9703619536012411,NoGesture,0.6765342185444994,0.6765342185444994,0.3234657814555007
14.866666666666667,0.028697405010461807,0.02638198169576933,0.0023154220318185037,0.9713025949895382,NoGesture,0.9713025949895382,NoGesture,0.6461556967148806,0.6461556967148806,0.3538443032851194
14.9,0.02787867933511734,0.025509646899162686,0.0023690318128176124,0.9721213206648827,NoGesture,0.9721213206648827,NoGesture,0.6195906464529675,0.6195906464529675,0.38040935354703254
14.933333333333334,0.029418978840112686,0.026985676419740257,0.0024333026395609025,0.9705810211598873,NoGesture,0.9705810211598873,NoGesture,0.675985128410044,0.675985128410044,0.324014871589956
14.966666666666667,0.0313369482755661,0.028652810803706963,0.0026841372383806794,0.9686630517244339,NoGesture,0.9686630517244339,NoGesture,0.7725453276374549,0.7725453276374549,0.22745467236254513
15.0,0.03195185586810112,0.029269501916280527,0.002682354666000225,0.9680481441318989,NoGesture,0.9680481441318989,NoGesture,0.9028496872406252,0.9028496872406252,0.09715031275937466
15.033333333333333,0.03214970603585243,0.029473097816285376,0.002676609896304888,0.9678502939641476,NoGesture,0.9678502939641476,NoGesture,0.8981716144956765,0.8981716144956765,0.10182838550432351
15.066666666666666,0.031806811690330505,0.029178188956633377,0.002628622733697128,0.9681931883096695,NoGesture,0.9681931883096695,NoGesture,0.9049363740061391,0.9049363740061391,0.09506362599386085
15.1,0.035454161465168,0.03241038576490274,0.003043774115340736,0.964545838534832,NoGesture,0.964545838534832,NoGesture,0.8336649711886277,0.8336649711886277,0.16633502881137227
15.133333333333333,0.03811236098408699,0.03475691713915019,0.0033554446968144525,0.961887639015913,NoGesture,0.961887639015913,NoGesture,0.8272042225855286,0.8272042225855286,0.17279577741447136
15.166666666666666,0.04004836082458496,0.03665841587725538,0.0033899470360143624,0.959951639175415,NoGesture,0.959951639175415,NoGesture,0.830034318766631,0.830034318766631,0.16996568123336891
