end,start,F0final_sma,voicingFinalUnclipped_sma,jitterLocal_sma,jitterDDP_sma,shimmerLocal_sma,logHNR_sma,audspec_lengthL1norm_sma,audspecRasta_lengthL1norm_sma,pcm_RMSenergy_sma,pcm_zcr_sma,audSpec_Rfilt_sma[0],audSpec_Rfilt_sma[1],audSpec_Rfilt_sma[2],audSpec_Rfilt_sma[3],audSpec_Rfilt_sma[4],audSpec_Rfilt_sma[5],audSpec_Rfilt_sma[6],audSpec_Rfilt_sma[7],audSpec_Rfilt_sma[8],audSpec_Rfilt_sma[9],audSpec_Rfilt_sma[10],audSpec_Rfilt_sma[11],audSpec_Rfilt_sma[12],audSpec_Rfilt_sma[13],audSpec_Rfilt_sma[14],audSpec_Rfilt_sma[15],audSpec_Rfilt_sma[16],audSpec_Rfilt_sma[17],audSpec_Rfilt_sma[18],audSpec_Rfilt_sma[19],audSpec_Rfilt_sma[20],audSpec_Rfilt_sma[21],audSpec_Rfilt_sma[22],audSpec_Rfilt_sma[23],audSpec_Rfilt_sma[24],audSpec_Rfilt_sma[25],pcm_fftMag_fband250-650_sma,pcm_fftMag_fband1000-4000_sma,pcm_fftMag_spectralRollOff25.0_sma,pcm_fftMag_spectralRollOff50.0_sma,pcm_fftMag_spectralRollOff75.0_sma,pcm_fftMag_spectralRollOff90.0_sma,pcm_fftMag_spectralFlux_sma,pcm_fftMag_spectralCentroid_sma,pcm_fftMag_spectralEntropy_sma,pcm_fftMag_spectralVariance_sma,pcm_fftMag_spectralSkewness_sma,pcm_fftMag_spectralKurtosis_sma,pcm_fftMag_spectralSlope_sma,pcm_fftMag_psySharpness_sma,pcm_fftMag_spectralHarmonicity_sma,mfcc_sma[1],mfcc_sma[2],mfcc_sma[3],mfcc_sma[4],mfcc_sma[5],mfcc_sma[6],mfcc_sma[7],mfcc_sma[8],mfcc_sma[9],mfcc_sma[10],mfcc_sma[11],mfcc_sma[12],mfcc_sma[13],mfcc_sma[14],file_path
0 days 00:00:00.033333333,0 days 00:00:00,0.0,0.0,0.0,0.0,0.0,-100.0,0.074418224,0.98834115,0.00027309204,0.116099775,0.12921618,0.27204838,0.41952792,0.5544473,0.66972893,0.76589614,0.84702843,0.9178292,0.9822495,1.0430994,1.1020993,1.1600702,1.2171308,1.2728368,1.3262117,1.3755809,1.4180565,1.4484811,1.4578775,1.432704,1.3587462,1.2323397,1.069155,0.8959276,0.7342484,0.5943311,2.2246868e-05,3.5069586e-06,165.08954,251.22322,308.64566,825.4477,0.0014558438,547.52606,4.6282935,1911222.4,6.6831307,63.558125,-1.5619675e-05,0.46289644,1.284785e-05,13.83241,16.68891,8.134285,6.944599,8.674444,4.110369,-3.0918653,-15.542258,-10.390707,-12.172115,-1.71868,-4.150031,-6.353561,6.2968693,116_216_21_1_20250116_102716_muscle_board.wav
0 days 00:00:00.066666667,0 days 00:00:00.033333333,0.0,0.0,0.0,0.0,0.0,-100.0,0.060715128,0.98834115,0.00023316022,0.08571429,0.12921618,0.27204838,0.41952792,0.5544473,0.66972893,0.76589614,0.84702843,0.9178292,0.9822495,1.0430994,1.1020993,1.1600702,1.2171308,1.2728368,1.3262117,1.3755809,1.4180565,1.4484811,1.4578775,1.432704,1.3587462,1.2323397,1.069155,0.8959276,0.7342484,0.5943311,1.4068464e-05,2.0919058e-06,157.91174,229.6898,287.11227,588.5801,0.0026072452,478.31894,4.393352,1767375.1,8.119472,89.65561,-1.1027148e-05,0.4116037,9.3691415e-06,15.381245,17.214903,6.823193,7.6588426,10.407095,3.8115358,-1.5730373,-14.418186,-11.182076,-16.040869,-3.1173751,-4.7741714,-5.5663795,2.2344344,116_216_21_1_20250116_102716_muscle_board.wav
0 days 00:00:00.100000,0 days 00:00:00.066666667,0.0,0.0,0.0,0.0,0.0,-100.0,0.044400867,0.98834115,0.00017861504,0.05600907,0.12921618,0.27204838,0.41952792,0.5544473,0.66972893,0.76589614,0.84702843,0.9178292,0.9822495,1.0430994,1.1020993,1.1600702,1.2171308,1.2728368,1.3262117,1.3755809,1.4180565,1.4484811,1.4578775,1.432704,1.3587462,1.2323397,1.069155,0.8959276,0.7342484,0.5943311,4.4165004e-06,5.9159544e-07,122.022705,200.97858,308.64566,559.8689,0.0035895642,510.7247,4.5282197,2787668.2,8.297569,89.78008,-5.147361e-06,0.4254528,4.2604024e-06,16.778715,15.135058,5.702226,5.976381,9.128099,2.0833187,1.1181059,-9.905536,-8.6785,-17.947916,-2.002074,-2.8049583,-3.6981165,0.08495104,116_216_21_1_20250116_102716_muscle_board.wav
0 days 00:00:00.133333333,0 days 00:00:00.100000,0.0,0.0,0.0,0.0,0.0,-100.0,0.037071172,0.98834115,0.00014597054,0.06122449,0.12921618,0.27204838,0.41952792,0.5544473,0.66972893,0.76589614,0.84702843,0.9178292,0.9822495,1.0430994,1.1020993,1.1600702,1.2171308,1.2728368,1.3262117,1.3755809,1.4180565,1.4484811,1.4578775,1.432704,1.3587462,1.2323397,1.069155,0.8959276,0.7342484,0.5943311,3.144187e-06,3.671057e-07,93.311485,244.04541,351.7125,746.4919,0.0025993641,583.57715,4.682276,3610336.8,7.8534455,76.84301,-2.6821788e-06,0.4845179,2.6352607e-06,18.997068,11.794979,0.3825914,0.9731388,5.746531,-0.413263,-2.605854,-8.167435,-9.708857,-15.308003,0.7427085,-0.9022646,-1.7552857,1.2316566,116_216_21_1_20250116_102716_muscle_board.wav
0 days 00:00:00.166666667,0 days 00:00:00.133333333,0.0,0.0,0.0,0.0,0.0,-100.0,0.033688456,0.98691195,0.00012510324,0.08072562,0.13041462,0.2803483,0.43538842,0.54487634,0.66055036,0.7313253,0.8362767,0.92172605,0.98034835,1.07836,1.1164712,1.1243092,1.1987833,1.2832152,1.3220311,1.368251,1.4209112,1.443869,1.4351902,1.4271928,1.3587521,1.2294961,1.0733933,0.9156807,0.746123,0.5964239,2.2976562e-06,3.0967544e-07,57.42245,272.75662,394.77933,890.04803,0.0018633375,640.34174,4.8441734,4286952.0,7.132122,58.867725,-1.5122476e-06,0.52761644,1.241897e-06,20.397436,9.650758,-1.772055,-1.2318212,2.6199863,-3.5083132,-6.3016167,-7.893734,-11.383634,-9.069924,4.9221306,1.9024311,2.1075528,3.6493218,116_216_21_1_20250116_102716_muscle_board.wav
0 days 00:00:00.200000,0 days 00:00:00.166666667,0.0,0.0,0.0,0.0,0.0,-100.0,0.03248195,0.9854539,0.000112999136,0.08752835,0.13026477,0.28107753,0.43702316,0.5149868,0.6359799,0.71185094,0.83409786,0.9289623,0.97873217,1.0783406,1.109068,1.0862298,1.1874968,1.3120824,1.3269074,1.3691926,1.4527916,1.4609679,1.4422575,1.4213957,1.3415756,1.2269444,1.0857767,0.9285523,0.746366,0.5928798,2.2510071e-06,3.0926938e-07,43.066837,272.75662,401.95712,904.4036,0.0013670176,640.44464,4.6922812,4481106.5,7.0938935,57.909657,-1.4501479e-06,0.52778715,1.1659374e-06,21.068296,9.046056,-4.4108615,-1.4158382,1.058832,-2.3354802,-7.4800134,-9.161931,-14.608195,-6.7519984,4.43613,1.5067687,1.6558434,1.9586967,116_216_21_1_20250116_102716_muscle_board.wav
0 days 00:00:00.233333333,0 days 00:00:00.200000,0.0,0.0,0.0,0.0,0.0,-100.0,0.03220607,0.9806258,0.00011505722,0.08684807,0.13170382,0.2807306,0.4357721,0.51484126,0.6360261,0.72307515,0.8420761,0.9216063,0.97926354,1.0546875,1.0966655,1.0981127,1.1795282,1.3098788,1.3210936,1.3365465,1.4485127,1.4564633,1.445676,1.404902,1.3295609,1.2203628,1.0799015,0.92549676,0.7390208,0.58476883,2.120328e-06,2.9782723e-07,50.244644,229.6898,387.60153,796.7365,0.0013933444,595.4538,4.682962,4341773.5,7.359569,61.977467,-1.614632e-06,0.48854145,1.3839285e-06,21.651281,11.017525,-2.3691008,2.043431,1.1244296,-0.079806246,-4.228783,-8.943144,-12.023884,-6.8326306,5.417219,2.065612,-0.5073691,-0.5565621,116_216_21_1_20250116_102716_muscle_board.wav
0 days 00:00:00.266666667,0 days 00:00:00.233333333,0.0,0.0,0.0,0.0,0.0,-100.0,0.032575604,0.9799447,0.00010871438,0.07165533,0.12849726,0.26474252,0.4173461,0.52426654,0.64206094,0.7383401,0.84830713,0.9198416,0.9910905,1.0367213,1.0925236,1.1365916,1.185376,1.3041064,1.3122588,1.3450571,1.4355942,1.4474198,1.4571404,1.4200277,1.3337017,1.2208606,1.068659,0.90426487,0.72534513,0.5784219,1.6473391e-06,2.830097e-07,43.066837,222.51201,466.55737,904.40356,0.001471104,674.7829,4.8884315,5001030.0,6.7093544,52.258026,-1.4091589e-06,0.5427322,1.1369165e-06,20.66303,9.472652,-3.6321952,0.6431933,0.9781086,1.3873984,-1.7132291,-5.834109,-7.7317758,-8.1793375,2.409388,2.5839937,-0.3830285,-0.28353643,116_216_21_1_20250116_102716_muscle_board.wav
0 days 00:00:00.300000,0 days 00:00:00.266666667,0.0,0.0,0.0,0.0,0.0,-100.0,0.034190223,0.978692,0.00011424228,0.06281179,0.12649624,0.2664539,0.41362152,0.5435307,0.6635207,0.7509146,0.8489435,0.9143029,1.000856,1.0491627,1.0899899,1.145305,1.181348,1.282937,1.3158439,1.3663429,1.3995038,1.4209021,1.4413218,1.4183941,1.3508843,1.2111777,1.0539912,0.88327384,0.7232148,0.5837584,2.216352e-06,3.1286356e-07,64.60026,258.40103,473.7352,882.8702,0.0014344779,639.90375,5.0240493,4299919.5,7.1931224,60.06258,-1.6368125e-06,0.5281709,1.2948885e-06,21.61293,10.548523,-2.9171305,0.098184705,-0.4986008,-0.4704616,-0.16320784,-2.8320487,-7.812609,-4.0279365,3.7837842,4.809133,1.9061273,1.3699433,116_216_21_1_20250116_102716_muscle_board.wav
0 days 00:00:00.333333333,0 days 00:00:00.300000,0.0,0.0,0.0,0.0,0.0,-100.0,0.037551988,0.9837751,0.0001355067,0.065532885,0.1309431,0.28285006,0.41632247,0.5420156,0.65914756,0.73565245,0.8258743,0.91896224,0.98751694,1.0701284,1.1190788,1.1239203,1.1958379,1.2876312,1.3356199,1.3985391,1.4182228,1.4416641,1.4459382,1.4221921,1.343689,1.2123014,1.0618032,0.8914707,0.7258816,0.58494836,2.047528e-06,5.10431e-07,64.60026,229.68982,401.95712,796.7365,0.0022152998,554.7791,4.6378274,3448823.8,9.150321,111.91755,-3.6116605e-06,0.4607986,2.1720068e-06,21.375368,8.22846,-0.13880666,2.8013232,3.4109356,5.6484714,5.6033115,-3.6056736,-8.867356,-0.35748863,5.6138873,5.144752,2.7145681,3.716834,116_216_21_1_20250116_102716_muscle_board.wav
0 days 00:00:00.366666667,0 days 00:00:00.333333333,0.0,0.0,0.0,0.0,0.0,-100.0,0.039499443,0.9805446,0.00017646667,0.06462585,0.12823935,0.2787124,0.4168752,0.52750975,0.6567618,0.74353456,0.83334607,0.9124612,0.9715204,1.0491114,1.1136161,1.1376047,1.2116213,1.2707849,1.3147846,1.3607645,1.4232908,1.4522992,1.4493617,1.4184446,1.3345499,1.2129927,1.0643,0.8993411,0.7262636,0.58606863,1.9525626e-06,6.2554665e-07,78.95587,179.44514,323.00125,739.314,0.002777421,449.5543,4.4944043,2513614.8,9.930709,125.38483,-4.0748696e-06,0.3795615,2.5331917e-06,21.66169,8.328463,2.7476006,5.1711206,6.0310845,7.4714274,6.651463,-1.8096021,-3.968211,4.3178983,6.730974,5.260489,1.9371796,2.9901564,116_216_21_1_20250116_102716_muscle_board.wav
0 days 00:00:00.400000,0 days 00:00:00.366666667,0.0,0.0,0.0,0.0,0.0,-100.0,0.045968477,0.98303556,0.00021939162,0.06689342,0.12736137,0.2718602,0.43231976,0.5491596,0.6761803,0.77236205,0.8576276,0.91485566,0.97630835,1.0342461,1.1158124,1.1638864,1.2370781,1.3015189,1.3071456,1.3299264,1.4027181,1.4292936,1.440699,1.4103428,1.3226048,1.2113675,1.0613878,0.89952105,0.7274525,0.5858883,3.5010628e-06,1.2586269e-06,93.311485,143.55614,308.64566,732.1362,0.003413121,397.66858,4.461387,1715808.4,11.377025,163.28142,-5.825694e-06,0.34513155,4.7431517e-06,23.79651,5.601898,2.8133118,10.323207,9.067893,3.6282237,3.6958563,-0.47420335,2.1665971,0.99702805,5.9390035,3.714122,-1.0553061,2.7430594,116_216_21_1_20250116_102716_muscle_board.wav
0 days 00:00:00.433333333,0 days 00:00:00.400000,0.0,0.0,0.0,0.0,0.0,-100.0,0.046025265,0.9754054,0.00020823552,0.06621315,0.12349588,0.2538909,0.42474076,0.55100864,0.6703663,0.7697417,0.8574448,0.92588353,0.9835866,1.033565,1.0748358,1.144231,1.1932784,1.2756389,1.2825559,1.3368393,1.3981867,1.4175444,1.4205431,1.4149576,1.3377819,1.2097421,1.0473186,0.8919611,0.730999,0.59040344,4.69207e-06,1.1896785e-06,100.48929,236.8676,423.49057,882.8702,0.003150373,491.20615,4.861811,2056142.5,9.9908,124.60016,-4.223097e-06,0.43247285,4.465993e-06,24.631182,5.83318,-2.071931,5.725782,3.409253,-3.3150406,-3.3539906,2.4475365,5.474901,-0.03985691,2.4266427,4.297739,2.3289394,0.28708175,116_216_21_1_20250116_102716_muscle_board.wav
0 days 00:00:00.466666667,0 days 00:00:00.433333333,0.0,0.0,0.0,0.0,0.0,-100.0,0.046282083,0.9738814,0.00017916657,0.065986395,0.1263249,0.26282024,0.41994596,0.54896516,0.6591789,0.74793047,0.835834,0.90781873,0.98071975,1.0357885,1.0587639,1.1168026,1.1498502,1.2555363,1.3047434,1.3707749,1.4004523,1.4295082,1.4366732,1.4174358,1.3578998,1.2266113,1.0572772,0.8876278,0.73095393,0.5946791,5.795624e-06,1.1548506e-06,150.73393,279.93445,430.66837,882.8702,0.0027880848,522.6675,4.96409,2161713.8,9.89397,122.16114,-4.207442e-06,0.466117,4.50973e-06,25.19069,6.523565,-3.1957114,4.9014354,0.70627975,-7.3182473,-6.7590384,-0.8247382,0.27630773,-3.113807,0.48525319,3.6219711,0.8943119,1.4513845,116_216_21_1_20250116_102716_muscle_board.wav
0 days 00:00:00.500000,0 days 00:00:00.466666667,0.0,0.0,0.0,0.0,0.0,-100.0,0.039848745,0.9814041,0.0001379749,0.06870749,0.13221149,0.27786097,0.40690315,0.5320977,0.6380139,0.73520994,0.8236537,0.9056344,0.96812916,1.0289892,1.0840448,1.1110286,1.1785871,1.2508801,1.3447777,1.3895749,1.4323589,1.4648217,1.4616284,1.4440752,1.3619057,1.2431693,1.0795707,0.898091,0.7336068,0.5896831,3.8484495e-06,4.7900085e-07,136.37831,265.57883,430.66837,811.0921,0.0022900477,573.3255,4.949045,3051200.0,8.229816,81.24338,-2.4349756e-06,0.491758,2.3328296e-06,21.800817,9.640941,-0.8308878,0.25987053,-1.604551,-4.1774697,-2.2672758,0.6583659,0.8247358,-1.0248755,-0.8413799,2.5211484,2.7747297,1.0619813,116_216_21_1_20250116_102716_muscle_board.wav
0 days 00:00:00.533333332,0 days 00:00:00.500000,0.0,0.0,0.0,0.0,0.0,-100.0,0.03725208,0.98815274,0.00012720101,0.08004535,0.12918258,0.27805308,0.40830693,0.5339084,0.65642846,0.7464754,0.83773404,0.9055045,0.9784394,1.0518972,1.118477,1.1534629,1.2190858,1.2705505,1.3444291,1.3725046,1.4265348,1.4514889,1.4606708,1.4471607,1.3578191,1.2312565,1.082143,0.89889765,0.738966,0.5925942,2.354593e-06,4.322361e-07,107.66709,208.15637,409.13492,976.18164,0.0016889273,679.2131,5.061777,4397482.0,6.767176,55.46301,-1.7836352e-06,0.5503293,1.4672336e-06,18.842972,9.874682,-0.15434726,1.8301355,1.5129601,-2.160951,-1.4854721,-3.0611522,-3.6295884,-1.0311365,0.87449336,-1.7802836,-1.6218557,1.3145025,116_216_21_1_20250116_102716_muscle_board.wav
0 days 00:00:00.566666667,0 days 00:00:00.533333332,0.0,0.0,0.0,0.0,0.0,-100.0,0.034824315,0.99446917,0.00011667815,0.09183673,0.13047133,0.2781017,0.42475334,0.56189734,0.6709663,0.7796197,0.8535487,0.92780375,0.99405986,1.077766,1.1440187,1.1779904,1.2578777,1.302466,1.3419828,1.375199,1.412681,1.4420334,1.4520788,1.4236854,1.3416017,1.2143227,1.0645767,0.88974804,0.7281726,0.5887742,1.2374943e-06,3.8154357e-07,43.066837,150.73393,380.42374,997.715,0.0014010286,669.0798,4.845402,4714995.0,6.4700336,50.173977,-1.4969831e-06,0.52826273,1.0636221e-06,17.983103,9.756034,0.20583971,1.454516,3.122634,0.7537256,0.859772,-2.2699115,-3.0927055,0.8438552,2.6856058,-4.688658,-4.0016484,-1.0465227,116_216_21_1_20250116_102716_muscle_board.wav
0 days 00:00:00.600000,0 days 00:00:00.566666667,0.0,0.0,0.0,0.0,0.0,-100.0,0.034041975,0.9894781,0.00011307476,0.08684807,0.13047619,0.2704103,0.41708955,0.56193644,0.67139363,0.7750048,0.85769624,0.9253824,0.99121433,1.0676471,1.1126599,1.1855268,1.235023,1.2766861,1.310783,1.3833536,1.425633,1.4521499,1.4428495,1.3996248,1.3531041,1.2235819,1.0540282,0.8879544,0.7249953,0.5902274,9.0538174e-07,4.7661732e-07,21.533419,129.20052,358.8903,1148.4491,0.0011373224,687.9582,4.688217,5039978.0,6.240127,46.436234,-1.370047e-06,0.5344429,9.027986e-07,17.456041,6.795528,-1.830345,4.1318545,7.3879585,4.027925,0.016437054,-7.822702,-3.1185179,5.2800803,1.5912501,-4.8817277,-5.908401,-1.5133728,116_216_21_1_20250116_102716_muscle_board.wav
0 days 00:00:00.633333333,0 days 00:00:00.600000,0.0,0.0,0.0,0.0,0.0,-100.0,0.03522892,0.9970105,0.00010854714,0.0845805,0.13030805,0.269666,0.41944787,0.56160575,0.68597007,0.77404493,0.85695285,0.9354331,0.9979523,1.0341226,1.1012936,1.1785681,1.2243919,1.2950039,1.3244984,1.3789679,1.4346825,1.4720745,1.4811469,1.4367852,1.3738441,1.2532228,1.06999,0.89949244,0.7339944,0.5988147,9.353901e-07,4.886371e-07,21.533419,114.8449,445.02402,1162.8046,0.0011386197,688.80536,4.673907,4881413.5,6.276788,47.167175,-1.4331443e-06,0.53423303,9.5149784e-07,17.080702,5.3463244,-1.7577738,0.59268874,7.405972,4.995226,0.7555804,-3.993801,0.49112353,7.1149774,0.6909037,0.38287863,-4.1742845,0.016084353,116_216_21_1_20250116_102716_muscle_board.wav
0 days 00:00:00.666666667,0 days 00:00:00.633333333,0.0,0.0,0.0,0.0,0.0,-100.0,0.03642532,0.99160224,0.000111978814,0.07845805,0.12942572,0.26847497,0.42065012,0.5623093,0.69340163,0.77839714,0.84774274,0.925442,0.9855637,1.0147617,1.0829396,1.1472105,1.2214531,1.2761303,1.3289742,1.3631636,1.429995,1.4529806,1.4797984,1.4563265,1.3566557,1.2365676,1.0742011,0.9076977,0.7445702,0.5968258,1.477251e-06,5.003649e-07,28.711226,200.97858,480.913,1205.8715,0.0011493083,760.4423,4.8340025,5188526.0,5.92152,41.999714,-1.4155726e-06,0.5972908,1.0252246e-06,16.435337,4.528118,-2.9359572,-1.2062494,4.47713,2.9950325,-3.582236,-5.431952,3.517556,7.5574613,4.019034,6.4768753,1.6942439,2.6715927,116_216_21_1_20250116_102716_muscle_board.wav
0 days 00:00:00.700000,0 days 00:00:00.666666667,0.0,0.0,0.0,0.0,0.0,-100.0,0.038961995,0.9899815,0.00011326038,0.08911565,0.12755449,0.27504876,0.43163386,0.552393,0.6785426,0.7587204,0.8370402,0.91596144,0.98023635,1.049766,1.1064525,1.1525493,1.2070652,1.2720011,1.3260194,1.3800062,1.4211268,1.4476589,1.4703735,1.4509164,1.3593135,1.2259845,1.0757997,0.90219766,0.7399337,0.5952255,1.7235549e-06,5.9283656e-07,43.066837,244.04541,646.00256,1370.9609,0.0013157617,869.32697,5.2158647,5625549.5,5.48675,36.774815,-1.4124511e-06,0.68104583,1.0890908e-06,15.987592,4.471997,-1.5449076,-5.442633,3.6295488,3.2938254,-7.9558244,-5.9507008,3.1240606,4.978209,5.3653717,8.971168,3.537861,3.2866468,116_216_21_1_20250116_102716_muscle_board.wav
0 days 00:00:00.733333333,0 days 00:00:00.700000,0.0,0.0,0.0,0.0,0.0,-100.0,0.04138129,0.9883075,0.00011887367,0.082539685,0.12808253,0.27635023,0.43816558,0.55235523,0.653449,0.760087,0.8546764,0.89500207,0.95224166,1.0597973,1.1091093,1.1549634,1.2077533,1.2811528,1.3373,1.3915076,1.4236459,1.4653834,1.4478054,1.4254332,1.3647434,1.2305382,1.0755601,0.89197946,0.72902817,0.5898863,2.8576735e-06,7.9568446e-07,114.8449,287.11227,588.5801,1449.9169,0.0014814954,863.94794,5.283767,5132789.5,5.6185107,39.321396,-1.6813756e-06,0.68211526,1.2430788e-06,15.712723,3.9748373,2.1110651,-4.1778398,1.1769098,-0.8716219,-14.326421,-14.31676,3.6091359,3.8838322,3.3497741,5.457712,-2.732708,0.26508173,116_216_21_1_20250116_102716_muscle_board.wav
0 days 00:00:00.766666667,0 days 00:00:00.733333333,0.0,0.0,0.0,0.0,0.0,-100.0,0.04183658,0.9818907,0.000118136806,0.08163265,0.12845139,0.2749695,0.41968402,0.54390335,0.65505433,0.7484534,0.84879184,0.9038169,0.97370726,1.0374554,1.0934931,1.1619854,1.2241083,1.2821509,1.3317243,1.3825483,1.4017445,1.428603,1.4311222,1.4050646,1.3481625,1.2278413,1.0670506,0.8870608,0.7281203,0.594091,2.6069931e-06,8.124902e-07,157.91174,287.11227,581.40234,1557.584,0.0016198395,882.2409,5.3363113,5279485.5,5.6138816,39.32226,-1.625407e-06,0.6916237,1.344141e-06,15.536784,3.2990682,4.3404,-1.3528352,1.5096651,-2.9653237,-14.705192,-14.048581,0.3889413,-0.33071455,-1.1860589,4.163738,-6.331391,-0.61438316,116_216_21_1_20250116_102716_muscle_board.wav
0 days 00:00:00.800000,0 days 00:00:00.766666667,0.0,0.0,0.0,0.0,0.0,-100.0,0.03988396,0.97756237,0.00011655824,0.08004535,0.1314076,0.2670366,0.4037209,0.5489244,0.667504,0.752626,0.8414359,0.94524556,0.9922827,1.0329412,1.0913428,1.1476597,1.2110482,1.264596,1.3096805,1.342827,1.3707579,1.4036201,1.4358078,1.4208202,1.342611,1.2187586,1.0550938,0.89230824,0.7328841,0.5936803,2.6934083e-06,7.295132e-07,157.91173,287.11224,445.02402,1399.6722,0.0015996824,807.31525,5.100198,5011261.5,6.0343437,44.10342,-1.6016155e-06,0.6398049,1.3999452e-06,16.406511,4.0836854,2.382249,1.6655121,2.0339592,-5.941976,-14.944705,-12.714458,-1.9081649,-3.6925182,1.2891742,4.074432,-5.0063767,3.5623093,116_216_21_1_20250116_102716_muscle_board.wav
0 days 00:00:00.833333333,0 days 00:00:00.800000,0.0,0.0,0.0,0.0,0.0,-100.0,0.03564006,0.97828954,0.00011004299,0.08049887,0.1307412,0.26935074,0.40542674,0.55067843,0.66539174,0.7684391,0.8405755,0.9270193,0.9875348,1.0450577,1.1013566,1.1427588,1.2036355,1.2429051,1.3008194,1.3523568,1.3967327,1.4278922,1.4381123,1.4102026,1.3378634,1.2182394,1.0531703,0.8981635,0.7322503,0.58885354,1.545558e-06,5.10059e-07,86.133675,244.04541,401.95715,1263.294,0.0014221807,760.865,4.9067883,5412741.5,6.131595,44.043186,-1.3043737e-06,0.59899026,1.1525323e-06,17.701347,5.0967097,-0.5664027,4.6179094,4.510441,-3.699744,-10.867892,-9.246509,-1.8254881,-5.6730804,2.993283,5.076819,-2.8903835,4.9503875,116_216_21_1_20250116_102716_muscle_board.wav
0 days 00:00:00.866666667,0 days 00:00:00.833333333,0.0,0.0,0.0,0.0,0.0,-100.0,0.033772755,0.9927524,0.0001089272,0.08321995,0.12960094,0.27381262,0.42159507,0.5480524,0.6615843,0.7842489,0.8537304,0.9218592,0.99016255,1.0495615,1.1106082,1.158132,1.1868616,1.2597489,1.3197559,1.3779225,1.4595677,1.4768859,1.4586903,1.4434055,1.3869971,1.2392099,1.0723649,0.8961792,0.73562557,0.59539986,1.3899867e-06,4.4844035e-07,35.88903,215.33418,394.77933,1148.449,0.0012339094,726.73065,4.791267,5421734.5,6.1122956,43.46873,-1.2541321e-06,0.5705345,1.050566e-06,18.474043,7.0001483,-2.6029203,3.049178,6.063479,0.30007076,-7.1298747,-8.554149,-1.405271,-2.0445452,2.64509,2.0092547,-3.4269257,3.5579665,116_216_21_1_20250116_102716_muscle_board.wav
0 days 00:00:00.900000,0 days 00:00:00.866666667,0.0,0.0,0.0,0.0,0.0,-100.0,0.03361183,1.00144,0.00010689872,0.08526077,0.12529701,0.27045748,0.4313161,0.5654194,0.6685698,0.7821837,0.8613829,0.9097163,0.9996597,1.0467285,1.1027962,1.1770692,1.2228336,1.2889098,1.3402905,1.3903259,1.4635078,1.4897076,1.47742,1.4581419,1.3814235,1.2592751,1.087876,0.9000199,0.7359299,0.6011835,1.3688274e-06,4.0398797e-07,21.533419,236.86761,495.26865,1141.2711,0.0011640876,766.104,4.8693357,5721973.5,5.9462285,41.183964,-1.2062692e-06,0.6028103,1.0100924e-06,18.468985,7.066967,-4.908165,0.809768,5.087683,0.01494813,-5.69022,-10.015358,-3.7396228,-5.454757,-3.684399,1.9835559,-6.200711,0.46370697,116_216_21_1_20250116_102716_muscle_board.wav
0 days 00:00:00.933333333,0 days 00:00:00.900000,0.0,0.0,0.0,0.0,0.0,-100.0,0.034493353,0.9976554,0.00010893102,0.08367347,0.1284198,0.27019897,0.42020735,0.55982095,0.68741614,0.7626999,0.8311985,0.90799904,0.990809,1.0397415,1.1067019,1.1734022,1.2461019,1.2949873,1.3369712,1.4080752,1.4271369,1.4613079,1.4955608,1.4611219,1.3683543,1.2455338,1.0794588,0.9007954,0.7355459,0.5994727,1.5926271e-06,4.3164525e-07,28.711226,272.75662,523.97986,1198.6935,0.0012572106,844.54816,5.032642,6274622.0,5.579472,36.608326,-1.17852e-06,0.66139317,1.0284126e-06,17.43155,7.133963,-4.3484654,-0.93195486,5.524105,-0.8163814,-7.895221,-10.8603945,-5.8973393,-1.8707758,-0.9458211,3.2509334,-2.9763367,1.2584887,116_216_21_1_20250116_102716_muscle_board.wav
0 days 00:00:00.966666667,0 days 00:00:00.933333333,0.0,0.0,0.0,0.0,0.0,-100.0,0.037292022,0.9953298,0.00011276136,0.08888888,0.13110112,0.275936,0.41581845,0.56312495,0.6831879,0.75932866,0.84185296,0.9232545,0.96980864,1.0598332,1.1171676,1.1595329,1.241042,1.2898504,1.3433956,1.3998019,1.4088749,1.4624907,1.4894441,1.4522289,1.353695,1.2318643,1.0738813,0.9004321,0.74037164,0.59125507,2.0664818e-06,5.929051e-07,78.95587,294.29007,552.6911,1220.227,0.001430534,852.9824,5.199101,5868435.5,5.8008156,40.450947,-1.3854373e-06,0.67643946,1.1839165e-06,17.162256,5.845451,-3.5368369,-1.3550364,5.2411532,-2.7965682,-10.107075,-12.423874,-7.883181,-5.736244,1.9531168,3.9937785,-4.123861,2.0899858,116_216_21_1_20250116_102716_muscle_board.wav
0 days 00:00:01,0 days 00:00:00.966666667,0.0,0.0,0.0,0.0,0.0,-100.0,0.051686328,1.0064155,0.0001690665,0.07981859,0.1316474,0.2821132,0.43249443,0.5568833,0.6802245,0.7928023,0.90333635,0.9654851,0.9951269,1.0596207,1.1272339,1.1907057,1.2642375,1.3035184,1.3475174,1.392491,1.4322271,1.4683946,1.4562992,1.4447174,1.3904432,1.2526578,1.0836492,0.8920347,0.73281187,0.5881306,7.0618767e-06,1.8517643e-06,157.91174,423.49057,559.8689,1162.8046,0.003003807,787.4078,5.1460032,4070279.0,7.752844,92.82969,-5.382126e-06,0.6571619,6.333803e-06,19.439062,3.3363218,-2.9998162,-5.978213,7.3471055,-8.796841,-6.2624564,-5.437864,-5.1254616,-2.6428013,-4.147467,0.21109755,-4.7153034,-0.5453612,116_216_21_1_20250116_102716_muscle_board.wav
0 days 00:00:01.033333333,0 days 00:00:01,0.0,0.0,0.0,0.0,0.0,-100.0,0.07872367,1.0071722,0.0003317437,0.066439904,0.12855238,0.2760616,0.4378313,0.5521805,0.67638165,0.790055,0.9161225,0.9878051,1.0394245,1.0713624,1.1328071,1.1985539,1.2330668,1.2998154,1.3532252,1.372495,1.4384526,1.4509152,1.4352131,1.4392608,1.3984567,1.2569685,1.0827746,0.89261967,0.7298834,0.5961923,1.6508602e-05,8.13678e-06,380.42374,574.2245,653.18036,1047.9596,0.0058620553,721.61786,4.576637,1813172.9,11.202029,219.79877,-2.5203342e-05,0.6580114,4.2657197e-05,23.336893,-1.9511601,-10.226065,-14.863976,8.882936,-12.158519,3.0326672,-1.1750306,-11.444058,-9.06134,-17.51991,-5.4819508,-10.968658,-3.015463,116_216_21_1_20250116_102716_muscle_board.wav
0 days 00:00:01.066666667,0 days 00:00:01.033333333,0.0,0.0,0.0,0.0,0.0,-100.0,0.106796086,0.9886575,0.0005839912,0.04285714,0.12656036,0.2685346,0.42075837,0.544923,0.67432547,0.7623616,0.8718719,0.9419513,1.0044509,1.0365549,1.0929867,1.1710434,1.2269498,1.2771529,1.3318003,1.3469635,1.419301,1.451315,1.4499431,1.4225782,1.3414639,1.2200409,1.0571502,0.9020832,0.7378855,0.6041401,3.0365574e-05,1.2042386e-05,559.86884,703.425,739.314,911.58136,0.00813711,708.83765,3.798557,439561.5,15.947845,441.62906,-6.241738e-05,0.68962955,0.00010656533,26.510246,-6.6456757,-16.080793,-21.602652,5.7276096,-15.989104,8.281976,12.837396,-8.563119,-14.345532,-29.93515,-9.352093,-11.796401,-6.523481,116_216_21_1_20250116_102716_muscle_board.wav
0 days 00:00:01.100000,0 days 00:00:01.066666667,0.0,0.0,0.0,0.0,0.0,-100.0,0.121706046,0.9641457,0.0008128411,0.034240365,0.12931661,0.26282272,0.40184617,0.5462126,0.66793346,0.74112225,0.7940075,0.8642028,0.9274643,1.014125,1.0777813,1.111179,1.1826953,1.20886,1.2936072,1.3482813,1.3958002,1.4293389,1.4649267,1.4085127,1.3127524,1.191943,1.044218,0.90544724,0.7431481,0.6002415,3.9200124e-05,1.4655983e-05,710.6028,717.7806,739.314,825.4477,0.007885993,719.6088,2.9833996,190741.95,20.560965,712.93524,-0.00010149179,0.71603113,0.00018213071,27.251547,-7.335499,-21.109652,-25.606161,1.474099,-13.5858755,6.6154227,14.649825,-7.4646225,-16.3435,-29.655096,-13.035949,-12.6309,-5.4522343,116_216_21_1_20250116_102716_muscle_board.wav
0 days 00:00:01.133333333,0 days 00:00:01.100000,0.0,0.0,0.0,0.0,0.0,-100.0,0.12397791,0.965276,0.00093957037,0.03287982,0.12824915,0.26762667,0.40574062,0.5603451,0.6410718,0.73255724,0.7955474,0.86709994,0.9330881,1.0015714,1.0561057,1.1210951,1.185156,1.2434102,1.2942929,1.3652153,1.3913192,1.4162235,1.4499022,1.4054295,1.33049,1.2095224,1.063043,0.90087676,0.7424241,0.58977157,3.7609632e-05,1.1807612e-05,710.6028,710.6028,732.1362,739.314,0.0064144437,715.45557,2.5775223,137116.11,23.880674,934.9318,-0.00013098744,0.7181317,0.0002267697,26.086153,-6.30665,-21.092531,-23.48574,-4.6936836,-16.52688,6.55773,23.383112,-2.7899675,-24.739594,-34.098633,-16.890604,-6.657625,-5.217487,116_216_21_1_20250116_102716_muscle_board.wav
0 days 00:00:01.166666667,0 days 00:00:01.133333333,0.0,0.0,0.0,0.0,0.0,-100.0,0.12129829,0.98813915,0.00092232315,0.03287982,0.13102221,0.2734393,0.4244406,0.5588267,0.636502,0.7459268,0.8338085,0.90732485,0.98956186,1.038379,1.0984606,1.1737819,1.192613,1.28254,1.3224846,1.4027528,1.4291242,1.4510417,1.4446748,1.4215988,1.3832184,1.2683327,1.0930578,0.88306373,0.72385424,0.58178663,3.0802257e-05,1.0578905e-05,710.6028,717.7806,732.1362,739.314,0.005769836,716.1574,2.4837735,135770.64,23.60499,929.5744,-0.00012887202,0.7186,0.00022816239,24.504059,-5.961052,-19.562548,-23.015198,-0.29907528,-12.758374,12.50398,15.096246,-5.106134,-25.880117,-41.717392,-20.626015,-7.544413,0.06941843,116_216_21_1_20250116_102716_muscle_board.wav
0 days 00:00:01.200000,0 days 00:00:01.166666667,0.0,0.0,0.0,0.0,0.0,-100.0,0.114495106,0.99669766,0.00076895143,0.038321998,0.12893756,0.27273324,0.4250622,0.55388623,0.6825473,0.78562,0.83284646,0.91072845,1.01796,1.0781883,1.123751,1.1778015,1.204559,1.3090204,1.3320688,1.3969531,1.4292227,1.4572071,1.4515194,1.4288664,1.3743148,1.2604142,1.0804343,0.88205105,0.7228959,0.59454894,2.7978682e-05,9.910182e-06,638.8247,724.95844,739.314,825.44775,0.008335408,725.5117,2.9496024,305586.97,18.978846,660.1082,-9.541231e-05,0.7151335,0.00016521767,23.049818,-6.592764,-18.16498,-19.273802,-1.6917316,-16.222303,12.731365,12.152997,-7.1655717,-25.557505,-42.711475,-15.059429,-6.832602,-2.1747866,116_216_21_1_20250116_102716_muscle_board.wav
0 days 00:00:01.233333333,0 days 00:00:01.200000,0.0,0.0,0.0,0.0,0.0,-100.0,0.103042096,0.9883602,0.0006170886,0.04353742,0.13066183,0.27047727,0.41176668,0.549035,0.7095878,0.8111925,0.84985036,0.91986257,0.98624325,1.0614768,1.1082144,1.1416721,1.2369462,1.2869159,1.3108763,1.341423,1.3956257,1.4519519,1.4613205,1.4298574,1.3472422,1.2195684,1.0518755,0.8880244,0.729911,0.5957863,2.9101275e-05,7.937131e-06,574.2244,724.95844,746.4919,839.8033,0.008533719,722.97186,3.5929604,398198.72,16.116842,435.59073,-5.523545e-05,0.7085629,9.586517e-05,23.416666,-5.215218,-18.540886,-21.035927,-0.08554888,-15.304226,11.841157,9.045083,-3.2390842,-17.509317,-33.459496,-3.685243,-10.4326105,-3.2138827,116_216_21_1_20250116_102716_muscle_board.wav
0 days 00:00:01.266666667,0 days 00:00:01.233333333,0.0,0.0,0.0,0.0,0.0,-100.0,0.08757702,0.98403007,0.00044995974,0.0478458,0.13236238,0.27115843,0.4064779,0.5553612,0.6876014,0.78228235,0.8696046,0.9318231,0.9565754,1.0334879,1.0961071,1.127636,1.2198974,1.2528287,1.3104018,1.3631349,1.4080378,1.4409052,1.4698473,1.4349059,1.3350759,1.2089334,1.0452994,0.90859,0.73754996,0.59889585,2.3220657e-05,5.5361907e-06,567.0467,717.7806,746.4919,839.8033,0.008013082,742.0892,4.010026,760892.5,13.248505,253.34941,-2.4411478e-05,0.71666527,3.5989397e-05,22.758347,-1.9417133,-17.158548,-18.65977,-7.7693057,-14.663766,9.8706665,15.093864,5.157388,-11.290363,-21.158262,5.341488,-5.9574475,-3.4875233,116_216_21_1_20250116_102716_muscle_board.wav
0 days 00:00:01.300000,0 days 00:00:01.266666667,0.0,0.0,0.0,0.0,0.0,-100.0,0.06993681,0.9832521,0.00034160167,0.05396825,0.1286499,0.27564478,0.42564344,0.5538679,0.64284575,0.7321863,0.86315805,0.9282236,0.97267437,1.0117291,1.0793573,1.1548554,1.2134061,1.2531534,1.3447084,1.3790644,1.4228907,1.4436907,1.4575051,1.4461875,1.3482717,1.205081,1.0503122,0.9062107,0.7388281,0.58640987,1.2501213e-05,2.4538388e-06,480.913,710.6028,739.314,789.55865,0.0052333684,734.2759,4.3034587,1227555.4,12.459722,220.51799,-1.5652578e-05,0.6983686,1.9141915e-05,22.331429,1.1124433,-12.813334,-16.815489,-7.310533,-6.361471,12.37112,15.680259,6.9777503,-14.375157,-14.70165,3.9110003,-3.7067287,-1.4845138,116_216_21_1_20250116_102716_muscle_board.wav
0 days 00:00:01.333333333,0 days 00:00:01.300000,0.0,0.0,0.0,0.0,0.0,-100.0,0.05299936,0.9887693,0.00020873923,0.0632653,0.12823032,0.27478746,0.43396923,0.55607414,0.6417421,0.72971034,0.8308735,0.90558577,0.99644154,1.0406631,1.1100734,1.1724402,1.2022524,1.2479371,1.3483768,1.4010334,1.4296312,1.449945,1.4503924,1.4517771,1.3682216,1.2404584,1.0829786,0.8975315,0.7303812,0.5864923,3.536469e-06,9.3612033e-07,330.1791,574.2245,653.18036,854.15894,0.004031166,741.6297,4.626166,2659334.2,8.933986,101.440895,-6.6501857e-06,0.6591551,7.652311e-06,19.768463,4.5572762,-5.4621162,-9.417369,-6.2708488,0.6814558,12.616727,9.047176,4.808422,-13.958386,-8.081412,1.4496965,3.0657482,2.7562206,116_216_21_1_20250116_102716_muscle_board.wav
0 days 00:00:01.366666667,0 days 00:00:01.333333333,0.0,0.0,0.0,0.0,0.0,-100.0,0.042532656,1.0010774,0.00014120749,0.080725625,0.12589149,0.27334258,0.42931938,0.5599328,0.6856304,0.7865352,0.83103496,0.906884,1.0004555,1.0682622,1.1301491,1.2052308,1.2404346,1.2959732,1.3386065,1.3892832,1.4350017,1.4526056,1.4509492,1.4455667,1.3914694,1.2575098,1.097602,0.89555246,0.7353547,0.59943336,1.9710712e-06,5.668605e-07,136.37831,437.8462,574.2244,1026.4263,0.0028147541,757.25854,5.1365905,4025703.0,7.1331754,64.26106,-2.2384213e-06,0.62817603,2.0592477e-06,18.423874,5.583115,-1.5870556,-5.099666,-0.73099226,0.7686656,7.225617,-1.8630043,1.059843,-12.652026,-3.311423,0.27915075,3.9153273,0.62310815,116_216_21_1_20250116_102716_muscle_board.wav
0 days 00:00:01.400000,0 days 00:00:01.366666667,0.0,0.0,0.0,0.0,0.0,-100.0,0.038656328,1.0041627,0.00012248768,0.09138322,0.128763,0.273093,0.42095757,0.55991834,0.7020118,0.8032605,0.8832488,0.941072,0.9964195,1.0751692,1.1305443,1.1918818,1.2339501,1.310557,1.3395761,1.3656031,1.4155116,1.4586493,1.466425,1.4369478,1.386109,1.2634902,1.0899532,0.8905805,0.74006176,0.60447454,1.9565161e-06,4.5547173e-07,78.95587,301.46786,466.55737,1112.5599,0.0017383774,759.04736,5.249744,4844044.0,6.2501464,47.01704,-1.525843e-06,0.60619044,1.245936e-06,17.296219,7.6398635,-0.12755246,-1.8334794,0.9038706,-1.0698452,3.4239037,-6.7073083,-0.74264836,-5.2794247,3.7769706,1.6400834,3.0652087,3.521035,116_216_21_1_20250116_102716_muscle_board.wav
0 days 00:00:01.433333333,0 days 00:00:01.400000,0.0,0.0,0.0,0.0,0.0,-100.0,0.039018508,0.99994355,0.00012370253,0.09886622,0.12889849,0.2745647,0.4268037,0.5571973,0.6911376,0.7980568,0.8965505,0.9565007,0.98846453,1.0439689,1.0995258,1.1843597,1.2423223,1.2983508,1.3218869,1.3848791,1.4254788,1.4518986,1.4742321,1.4303955,1.3594651,1.2447771,1.0744925,0.8929481,0.7432502,0.6081278,2.9014293e-06,4.6887416e-07,122.022705,301.46786,445.02396,1062.3153,0.0013701506,732.2478,5.198316,4524839.5,6.5817657,51.814423,-1.7168089e-06,0.59655625,1.3471381e-06,18.263224,8.44678,-1.9170923,-2.026409,-0.44900498,-6.7312827,-3.1983984,-8.036061,-0.854074,-4.648315,-1.0207033,-0.5197797,-0.6868575,1.104262,116_216_21_1_20250116_102716_muscle_board.wav
0 days 00:00:01.466666667,0 days 00:00:01.433333333,0.0,0.0,0.0,0.0,0.0,-100.0,0.038263414,0.9870302,0.000121074925,0.09659865,0.1307748,0.27108076,0.4228153,0.5464399,0.6698957,0.76422065,0.8549734,0.931175,0.9945386,1.0415882,1.0944401,1.1437033,1.2342784,1.2688818,1.3235716,1.3786993,1.4086794,1.4412836,1.4558843,1.4271458,1.3553895,1.2192045,1.0634214,0.8936177,0.73207074,0.59501094,2.9546406e-06,4.5371507e-07,107.66709,279.93445,416.31274,1019.2485,0.0015283594,703.04083,5.1029096,4402697.5,6.5965195,51.86458,-1.7774611e-06,0.57630277,1.3878595e-06,18.643888,9.877435,-3.205136,0.09004704,0.38845506,-7.7241626,-3.9778426,-6.759737,-4.3915334,-0.22988288,3.2172353,1.6448606,-1.0041603,2.8608093,116_216_21_1_20250116_102716_muscle_board.wav
0 days 00:00:01.500000,0 days 00:00:01.466666667,0.0,0.0,0.0,0.0,0.0,-100.0,0.04101041,0.9886052,0.00015668375,0.07596372,0.13201801,0.2715326,0.41607395,0.55976963,0.66496974,0.7535887,0.82499915,0.9166916,0.9866983,1.0409638,1.118076,1.1481236,1.2278323,1.2791624,1.3296582,1.3881077,1.4409928,1.4627509,1.4587606,1.4268707,1.3559732,1.215329,1.059014,0.9068692,0.7281875,0.59071976,4.7226436e-06,6.88742e-07,157.91174,287.11224,416.31274,990.5373,0.0018606778,652.7864,5.048675,3650600.2,7.5138745,68.949135,-2.4268559e-06,0.55191547,2.2548654e-06,20.25235,8.439888,-3.4845173,2.7966516,0.06964979,-10.001127,-10.307792,-10.32517,-4.2799506,-1.4618279,0.17205651,3.1060925,1.0702615,0.63497096,116_216_21_1_20250116_102716_muscle_board.wav
0 days 00:00:01.533333332,0 days 00:00:01.500000,0.0,0.0,0.0,0.0,0.0,-100.0,0.048691154,0.99984807,0.00021489093,0.05464853,0.1301383,0.28208902,0.4287769,0.56593525,0.66363776,0.7584416,0.8395176,0.91837925,0.9883476,1.0681452,1.1306748,1.1783475,1.2268158,1.2924467,1.3577048,1.397346,1.4587284,1.4841733,1.4807668,1.444311,1.3619589,1.2365309,1.0713845,0.906501,0.7341359,0.5908136,1.0746374e-05,1.77183e-06,165.08954,265.57883,373.24594,875.6923,0.003048731,563.77545,4.6909804,2656501.8,9.845956,135.51985,-6.477108e-06,0.49035168,6.466225e-06,21.620356,6.228058,-1.0098428,8.599294,4.3588724,-6.9522414,-12.856801,-17.010557,-10.225945,-2.066727,2.35266,1.9114994,-2.257119,0.10518988,116_216_21_1_20250116_102716_muscle_board.wav
0 days 00:00:01.566666667,0 days 00:00:01.533333332,0.0,0.0,0.0,0.0,0.0,-100.0,0.052546103,0.98529005,0.00023019506,0.05396825,0.12936693,0.27410376,0.41712558,0.55623215,0.658956,0.7600185,0.8532996,0.9166991,0.97321516,1.043706,1.0892645,1.154964,1.1913109,1.2640963,1.3270681,1.3632811,1.4062675,1.4444618,1.4663395,1.4448186,1.3550662,1.2407011,1.0656432,0.8961312,0.73600024,0.58940315,1.2464235e-05,2.0811883e-06,200.97858,294.29007,358.8903,839.8034,0.0040947483,494.87637,4.681034,1653582.6,11.088066,159.51912,-7.334955e-06,0.45172182,7.1683517e-06,23.195593,4.9526916,-0.46997905,8.66374,6.269937,-6.754926,-16.320505,-18.626417,-11.381949,-6.205012,-0.5613863,-0.95813274,-2.5766351,-0.8552547,116_216_21_1_20250116_102716_muscle_board.wav
0 days 00:00:01.600000,0 days 00:00:01.566666667,0.0,0.0,0.0,0.0,0.0,-100.0,0.053400476,0.9739351,0.00020186552,0.06712019,0.12495193,0.26002854,0.40597084,0.53693837,0.6645532,0.76497984,0.85374194,0.9140856,0.96686584,1.0128721,1.051143,1.1337799,1.1826648,1.2200319,1.294346,1.3452717,1.3978943,1.4330878,1.4515495,1.4262604,1.3491329,1.2364367,1.0759922,0.8892877,0.73705405,0.59339136,1.1441974e-05,2.0836e-06,208.15637,323.00128,473.7352,890.04803,0.0042345193,572.83136,4.7827067,2051581.4,10.304104,145.44313,-6.9823454e-06,0.5077258,6.7425517e-06,21.379715,4.5442576,-1.9885219,3.2993805,5.273836,-3.3900554,-14.147679,-19.712465,-12.077437,-7.3840084,-1.4545946,-1.4388777,-4.2601852,1.4092174,116_216_21_1_20250116_102716_muscle_board.wav
0 days 00:00:01.633333333,0 days 00:00:01.600000,0.0,0.0,0.0,0.0,0.0,-100.0,0.047839794,0.97249717,0.00014478898,0.078911565,0.1284535,0.25849292,0.40594253,0.54042435,0.6678359,0.7541675,0.8359664,0.8971414,0.9661866,1.0173168,1.0685687,1.1151932,1.1778833,1.253225,1.3100883,1.3584269,1.3882822,1.431118,1.4311467,1.417926,1.3542258,1.2213259,1.0616802,0.89228684,0.73715705,0.5944634,5.7803736e-06,1.1945489e-06,215.33418,358.8903,509.62427,1083.8488,0.0030466977,680.3901,5.1794944,2990804.8,7.9396634,78.75412,-3.11239e-06,0.58490944,2.7359326e-06,19.52043,5.3833985,-3.9649403,-2.6938846,1.4017698,-2.6044018,-11.424649,-16.000847,-12.352147,-6.830505,2.38255,0.5889749,-0.6035226,2.8352327,116_216_21_1_20250116_102716_muscle_board.wav
0 days 00:00:01.666666667,0 days 00:00:01.633333333,0.0,0.0,0.0,0.0,0.0,-100.0,0.04514885,0.98289174,0.00013064283,0.077324264,0.13070439,0.2753781,0.42162856,0.5572817,0.6678794,0.77021265,0.841641,0.8882635,0.9623067,1.0321159,1.1145182,1.1587242,1.2113782,1.2840279,1.3104458,1.3754021,1.4127425,1.4253398,1.4381882,1.4189318,1.358015,1.227456,1.0581111,0.89376587,0.7305474,0.5901784,4.201492e-06,9.4889145e-07,179.44514,358.8903,595.7579,1126.9155,0.0019739473,766.1093,5.3075376,3805016.0,6.8178153,56.92687,-2.27027e-06,0.6406625,2.094277e-06,17.69681,6.5117493,-4.4905934,-6.535013,0.17543046,-3.5118961,-9.401907,-15.368862,-9.050679,-0.91706437,2.6477883,-2.1961355,-3.1612256,1.7480488,116_216_21_1_20250116_102716_muscle_board.wav
0 days 00:00:01.700000,0 days 00:00:01.666666667,0.0,0.0,0.0,0.0,0.0,-100.0,0.040647,0.9885287,0.0001216602,0.08798186,0.1339001,0.28393704,0.43230596,0.5627535,0.6632821,0.76432604,0.82860917,0.9112466,0.9822202,1.0510598,1.1188307,1.1770431,1.2345951,1.2930468,1.316089,1.3844243,1.419645,1.433451,1.4473044,1.4248981,1.3487469,1.2244172,1.0614979,0.88881975,0.7268749,0.5884215,3.419115e-06,6.742994e-07,114.8449,301.46786,473.7352,1040.7819,0.0014563849,706.8494,5.160158,4064745.2,6.844911,55.980698,-1.9833124e-06,0.58401346,1.5669515e-06,18.55225,8.364047,-2.7171373,-5.044992,2.8830976,-2.5401042,-6.439451,-11.928235,-8.649706,0.46801385,4.582506,-1.1600937,0.9723136,0.12255311,116_216_21_1_20250116_102716_muscle_board.wav
0 days 00:00:01.733333333,0 days 00:00:01.700000,0.0,0.0,0.0,0.0,0.0,-100.0,0.03700262,0.9869437,0.00011280924,0.09070295,0.13142967,0.27687576,0.4189105,0.5537241,0.661791,0.7640349,0.83873224,0.92494696,0.9904534,1.0436565,1.1063039,1.1666757,1.2355295,1.2654496,1.3149649,1.3736267,1.4220594,1.4616002,1.4488989,1.4193269,1.3444672,1.21885,1.067824,0.891198,0.7254067,0.59380144,1.9163704e-06,4.8429405e-07,43.066837,244.04541,538.33545,1040.7819,0.0013452038,710.39496,5.1107655,4508303.5,6.500073,50.48583,-1.5191303e-06,0.5725581,1.1439183e-06,18.306097,9.236819,-2.208005,-5.2376633,5.284274,0.9350784,-2.5196369,-9.862094,-0.1885999,4.9871697,0.7249821,-0.79013604,0.058683556,-1.6509336,116_216_21_1_20250116_102716_muscle_board.wav
0 days 00:00:01.766666667,0 days 00:00:01.733333333,0.0,0.0,0.0,0.0,0.0,-100.0,0.036452394,1.0007167,0.00011465326,0.08571428,0.12585407,0.27249756,0.4235345,0.559525,0.6793055,0.76182157,0.84864455,0.9411011,0.9959727,1.0579637,1.1011657,1.1719118,1.2340564,1.2784493,1.362126,1.3928324,1.4320937,1.4877844,1.4870611,1.4411545,1.3624035,1.2512975,1.0887841,0.9084509,0.74688274,0.60595775,1.8196523e-06,4.1821826e-07,28.711226,229.6898,459.3796,1019.2485,0.0012163707,707.1512,4.933645,4692114.5,6.250468,46.91969,-1.5270247e-06,0.5635547,1.2612879e-06,17.696001,9.6619005,-1.730669,-4.1980996,4.570333,2.6676636,0.020479923,-10.09698,-2.470147,-1.4025965,-0.825659,2.516997,2.5626535,-0.16965945,116_216_21_1_20250116_102716_muscle_board.wav
0 days 00:00:01.800000,0 days 00:00:01.766666667,0.0,0.0,0.0,0.0,0.0,-100.0,0.06100467,1.0321836,0.00022992713,0.13310657,0.12659113,0.27251723,0.4241991,0.5740233,0.69898754,0.7810537,0.8638889,0.9165039,1.0001477,1.0675678,1.1268743,1.1848457,1.236043,1.3185576,1.3710341,1.3971218,1.4466448,1.5191759,1.5555435,1.550209,1.465704,1.349459,1.1650099,0.96848124,0.80525464,0.651334,3.5635687e-06,1.9216568e-06,1693.9623,2318.4314,3258.7239,4026.7493,0.0046691843,2714.848,5.8226395,6068394.5,3.8487403,29.203682,-6.4825276e-06,1.9605695,1.2108736e-05,7.4328065,16.3431,-5.0696225,-9.08591,6.1794286,-3.2443886,-5.2702813,-9.035348,0.35671797,0.97624046,-0.13146703,6.20216,-3.6996596,-0.5132926,116_216_21_1_20250116_102716_muscle_board.wav
0 days 00:00:01.833333333,0 days 00:00:01.800000,0.0,0.0,0.0,0.0,0.0,-100.0,0.094984315,1.0241884,0.00056308927,0.12131519,0.12971711,0.2737197,0.41743508,0.5839297,0.7349722,0.82467467,0.8741855,0.91619515,0.9896748,1.0619522,1.1739857,1.1970125,1.273729,1.31712,1.3668343,1.3835136,1.454144,1.4750719,1.4978775,1.5112125,1.4332653,1.29466,1.1201755,0.9328385,0.7708874,0.6201111,0.000325936,6.450207e-06,1830.3405,2404.5652,3208.4795,3832.9485,0.0147091085,2660.9343,4.8972726,4698927.5,4.775417,45.55823,-9.467049e-05,1.9571272,0.00015284792,4.4126544,18.057978,-9.42295,-12.854324,0.84053993,-22.321692,-18.089128,-8.069429,4.366346,7.8715005,9.470638,14.60468,-0.24175327,-0.9659176,116_216_21_1_20250116_102716_muscle_board.wav
0 days 00:00:01.866666667,0 days 00:00:01.833333333,0.0,0.0,0.0,0.0,0.0,-100.0,0.11368694,0.9743704,0.00070707937,0.11496598,0.13220417,0.2660984,0.42027298,0.56375855,0.69637275,0.7859602,0.8279846,0.9214466,0.9805152,1.0335582,1.1348753,1.1613731,1.2358941,1.2672073,1.3094324,1.3698183,1.4143234,1.42304,1.390965,1.3839664,1.3099895,1.1620226,1.0173402,0.85573465,0.7023027,0.5671727,0.00041749352,9.387203e-06,1959.541,2454.8098,3230.013,3617.6145,0.019916361,2582.453,4.1448417,3270415.2,6.5100503,82.73757,-0.00012002186,1.9343668,0.00018906353,3.382475,17.841362,-12.534596,-13.871754,-3.852888,-33.677227,-32.838123,-11.551643,12.9130125,18.821936,15.94152,24.649939,4.8507395,-1.0438082,116_216_21_1_20250116_102716_muscle_board.wav
0 days 00:00:01.900000,0 days 00:00:01.866666667,0.0,0.0,0.0,0.0,0.0,-100.0,0.098036684,0.93348664,0.00063581934,0.050340135,0.12868741,0.2682614,0.4226592,0.5261161,0.6226768,0.7250352,0.81253815,0.91480094,0.9543526,1.0132103,1.0450858,1.1091574,1.1534462,1.2134799,1.2787088,1.3416237,1.3630406,1.3660221,1.3716053,1.3069148,1.2338899,1.1172961,0.96461624,0.8203537,0.65701056,0.5400631,0.0004316447,8.189367e-06,409.13498,423.49057,445.02396,459.3796,0.019534653,553.2851,2.7257578,873420.7,9.750024,119.81909,-0.000119388336,0.5498364,0.00018321215,11.837085,12.076938,-10.565218,-10.860522,-10.3933115,-37.99298,-35.85239,-14.661906,11.18,17.07739,18.238464,26.85512,9.069727,0.32596374,116_216_21_1_20250116_102716_muscle_board.wav
0 days 00:00:01.933333333,0 days 00:00:01.900000,0.0,0.0,0.0,0.0,0.0,-100.0,0.069271766,0.9495752,0.00033442015,0.053514738,0.12618087,0.272205,0.41751108,0.51077735,0.59574074,0.6911029,0.8338565,0.9292822,0.97783107,1.0257016,1.0127126,1.1005377,1.1293637,1.2072945,1.2810148,1.3482045,1.3557414,1.3745562,1.4461721,1.3765683,1.3099226,1.1993926,1.0297273,0.8611231,0.7023361,0.57409865,0.00011196266,3.8603066e-06,401.95712,423.49057,516.802,696.24725,0.01065866,730.3428,3.4710414,2816962.8,8.251269,96.19155,-3.2063104e-05,0.6644039,4.4027187e-05,14.1241865,9.947066,-9.800252,-10.297338,-6.8388824,-22.990797,-27.712545,-15.907544,1.3992554,8.523025,10.740769,23.944605,9.507936,4.852221,116_216_21_1_20250116_102716_muscle_board.wav
0 days 00:00:01.966666667,0 days 00:00:01.933333333,0.0,0.0,0.0,0.0,0.0,-100.0,0.066321604,1.019849,0.00039595622,0.051247165,0.12834136,0.2738942,0.41213116,0.56054413,0.678766,0.780957,0.88530964,0.91358185,1.0000423,1.0714666,1.1241986,1.1959852,1.2669076,1.2869756,1.3159932,1.397304,1.4354343,1.4696579,1.5329504,1.5101837,1.4471794,1.3120407,1.1499664,0.94545835,0.7861474,0.63465506,9.455e-05,4.0650793e-06,401.95712,416.31274,509.62424,696.24725,0.009180046,717.45807,3.4394665,2731765.0,10.32377,168.22939,-2.735997e-05,0.6556133,3.799761e-05,16.740812,6.9730434,-12.81115,-10.712703,-5.98266,-23.749548,-27.57699,-12.770148,-1.2233826,3.9760103,8.104839,21.709406,11.799312,4.917413,116_216_21_1_20250116_102716_muscle_board.wav
0 days 00:00:02,0 days 00:00:01.966666667,0.0,0.0,0.0,0.0,0.0,-100.0,0.08265417,1.0426157,0.0006840129,0.040362813,0.13169618,0.2788063,0.41885206,0.6011935,0.7444987,0.87378186,0.9037456,0.91346353,1.0101851,1.0700825,1.1810005,1.2479486,1.3341165,1.374032,1.3923826,1.4216079,1.4761313,1.5097891,1.5136675,1.515822,1.4376913,1.2958797,1.130381,0.9344068,0.7821381,0.6147066,0.00024423617,6.982682e-06,409.13492,430.66837,523.97986,717.7806,0.011236259,692.15326,3.4016864,2395318.2,15.797874,457.61588,-6.825317e-05,0.644862,8.08835e-05,19.839445,2.0443704,-15.521714,-12.86676,-9.536149,-30.75706,-29.63823,-5.1269436,2.9582424,5.991301,10.292735,21.807444,12.820617,1.5736662,116_216_21_1_20250116_102716_muscle_board.wav
0 days 00:00:02.033333333,0 days 00:00:02,0.0,0.0,0.0,0.0,0.0,-100.0,0.08486881,0.9972579,0.0007347295,0.037188206,0.13354696,0.27512082,0.42263237,0.57146156,0.6946278,0.8106628,0.8280566,0.882668,0.9682726,1.0279297,1.1245443,1.1881394,1.2273939,1.3002285,1.3474293,1.3835195,1.4411405,1.4909881,1.4486376,1.4454461,1.3574457,1.2460585,1.0704062,0.9012329,0.7423339,0.5987823,0.00025534205,7.194419e-06,401.95715,430.66837,452.20178,495.26865,0.015636114,492.1389,3.1353924,402273.72,19.990875,565.3033,-7.12508e-05,0.5106651,8.417451e-05,23.270971,0.57207894,-12.481537,-8.428008,-11.794998,-36.728397,-35.102924,-2.710408,9.183347,12.68735,14.444725,23.19256,12.334816,-2.2526681,116_216_21_1_20250116_102716_muscle_board.wav
0 days 00:00:02.066666667,0 days 00:00:02.033333333,0.0,0.0,0.0,0.0,0.0,-100.0,0.077622406,0.9745137,0.00056421454,0.07165533,0.12799749,0.27088284,0.42454287,0.5261952,0.6367093,0.7178057,0.79396635,0.9021786,0.9536999,1.0057238,1.0559138,1.0943521,1.1281542,1.2205728,1.316192,1.3448004,1.4013075,1.4490265,1.4635091,1.4412059,1.364936,1.2850934,1.1106385,0.9384003,0.7472947,0.6162569,0.00018432915,4.272209e-06,401.95712,445.02396,1966.7189,2978.7898,0.013027954,1161.4648,4.246679,4239657.5,14.861129,444.91003,-5.1628536e-05,0.9506051,5.583174e-05,17.621017,6.9555073,-9.355916,-8.385334,-8.0187645,-32.23187,-25.483103,-4.8112016,4.6870394,9.348281,14.579948,19.75808,4.577117,-0.96936226,116_216_21_1_20250116_102716_muscle_board.wav
0 days 00:00:02.100000,0 days 00:00:02.066666667,0.0,0.0,0.0,0.0,0.0,-100.0,0.07278486,0.9951617,0.0003247977,0.15011339,0.12520091,0.26350173,0.41412878,0.53948,0.6411566,0.7060531,0.83954436,0.9389324,0.9810539,1.0357317,1.0863585,1.1231703,1.1804954,1.213549,1.3008232,1.3728129,1.4180354,1.455192,1.481761,1.4728864,1.4262148,1.3040254,1.1581265,0.96550363,0.78771895,0.6427489,2.182647e-05,1.4761605e-06,1923.652,2289.7202,4170.305,5763.779,0.01020931,2916.2188,5.65393,6856914.5,6.1558547,118.696815,-1.0244192e-05,2.1167343,1.667665e-05,6.473326,17.7094,-11.690972,-6.2545943,-1.0553054,-23.531927,-19.18561,-13.397304,-0.262609,8.133908,8.016795,15.457948,5.4953346,5.0268784,116_216_21_1_20250116_102716_muscle_board.wav
0 days 00:00:02.133333333,0 days 00:00:02.100000,0.0,0.0,0.0,0.0,0.0,-100.0,0.092208035,1.0235856,0.00053929543,0.1632653,0.13008958,0.2663692,0.41941395,0.60115445,0.72763515,0.8116183,0.8958967,0.959305,1.003965,1.0842754,1.1499891,1.2034994,1.3240076,1.34627,1.3493875,1.4027478,1.4524437,1.4770116,1.4795732,1.4669334,1.4108669,1.2538356,1.1030755,0.9255133,0.761363,0.6069867,0.0001359765,2.62496e-06,1930.8297,2282.5422,4163.1274,5742.2446,0.010500081,2966.617,5.31385,7093327.5,2.489107,18.490257,-4.1835814e-05,2.150429,7.1235074e-05,0.10815207,22.026398,-14.939582,-10.253906,-2.302921,-31.47674,-16.851212,-15.768273,-3.3397462,2.96776,9.856513,19.817434,9.820594,7.514065,116_216_21_1_20250116_102716_muscle_board.wav
0 days 00:00:02.166666667,0 days 00:00:02.133333333,0.0,0.0,0.0,0.0,0.0,-100.0,0.12418791,1.015357,0.0009099562,0.12199546,0.1327728,0.28282806,0.4354922,0.60244656,0.7396129,0.8796622,0.9405044,0.9477361,1.0232189,1.0893497,1.1606033,1.216515,1.3284597,1.4037929,1.4081951,1.4175297,1.4557084,1.4917847,1.469489,1.4048147,1.3164586,1.1550927,1.0067321,0.8333778,0.69842094,0.5586865,0.00047878292,9.219227e-06,1930.8297,2268.1868,2670.1438,3308.9688,0.014919705,2300.8289,4.436009,3213166.2,6.285787,93.33081,-0.000136521,1.7145132,0.00023432363,4.9981155,17.241194,-15.084844,-11.970487,-15.955159,-37.007572,-19.84139,-12.203865,-0.06517156,3.280901,11.555663,20.321434,3.2668858,4.0709357,116_216_21_1_20250116_102716_muscle_board.wav
0 days 00:00:02.200000,0 days 00:00:02.166666667,0.0,0.0,0.0,0.0,0.0,-100.0,0.14495263,0.97397023,0.0012992433,0.042176872,0.13153212,0.28071156,0.42407954,0.55688643,0.6886761,0.8113697,0.87244886,0.9060192,0.9783371,1.0589901,1.1246465,1.1687675,1.2494631,1.308976,1.335735,1.3867054,1.4162644,1.4410344,1.4100081,1.3611579,1.268455,1.1244498,0.9669216,0.81014466,0.684005,0.55744076,0.00092144933,1.7888002e-05,409.13492,416.31274,459.3796,552.6911,0.018074298,548.3732,2.875157,603686.6,12.205417,242.76111,-0.00025581042,0.5495278,0.0004402018,14.679848,6.9877954,-12.713683,-12.503388,-30.619535,-42.687054,-25.87928,-4.813189,3.7270992,6.516272,15.886749,24.635183,-0.64449745,-4.6994576,116_216_21_1_20250116_102716_muscle_board.wav
0 days 00:00:02.233333333,0 days 00:00:02.200000,0.0,0.0,0.0,0.0,0.0,-100.0,0.15788822,0.97125214,0.0014089952,0.025396824,0.12532191,0.26820746,0.4093584,0.52619344,0.63871366,0.7264053,0.80226773,0.90929955,0.9725175,1.0213312,1.0820427,1.1607412,1.1880757,1.210857,1.2745246,1.3510761,1.4103438,1.4233932,1.4572273,1.4404396,1.3524113,1.2353963,1.0511205,0.885001,0.7325489,0.59773993,0.0011645625,2.7749576e-05,409.13492,416.31274,459.3796,574.22455,0.016654868,493.5054,2.8644257,216451.69,15.751668,365.1497,-0.0003233792,0.5151848,0.000550596,19.008104,-1.4614395,-11.984643,-14.195385,-38.01683,-37.140186,-35.495514,-0.3951324,6.036228,7.417396,9.051989,24.462067,-1.4352303,-7.919787,116_216_21_1_20250116_102716_muscle_board.wav
0 days 00:00:02.266666667,0 days 00:00:02.233333333,0.0,0.0,0.0,0.0,0.0,-100.0,0.15016076,0.97667843,0.0012805179,0.026303852,0.12557101,0.2643291,0.4020063,0.532855,0.6248229,0.6874451,0.7865136,0.93659925,0.9682169,1.0110656,1.0668155,1.1633574,1.146217,1.1819679,1.2655208,1.3351479,1.4152075,1.4167647,1.467445,1.4764223,1.408918,1.2845236,1.1049525,0.9348273,0.76739615,0.6187319,0.0009534199,2.85068e-05,401.95715,416.31274,430.66837,631.647,0.017254403,501.41284,2.7553322,236602.88,15.203004,358.5294,-0.0002693933,0.5174077,0.00045362316,19.096792,-6.4378037,-12.5792885,-16.787125,-35.86454,-26.703203,-42.101486,1.5473728,2.5022495,6.3516784,-0.64610577,24.885605,13.7135515,-5.162281,116_216_21_1_20250116_102716_muscle_board.wav
0 days 00:00:02.300000,0 days 00:00:02.266666667,0.0,0.0,0.0,0.0,0.0,-100.0,0.15617645,0.99268025,0.001301416,0.029931972,0.13258624,0.27031595,0.42124,0.5434125,0.6476846,0.78121465,0.8703043,0.93535805,0.9819698,1.0359426,1.1009904,1.162805,1.1901604,1.2569863,1.3385402,1.3777214,1.4029759,1.4281297,1.4642248,1.4561692,1.3736095,1.2629676,1.1086082,0.92904663,0.74112463,0.5956002,0.00085499726,3.4854584e-05,466.55737,480.913,495.26865,646.00256,0.023477593,555.01324,2.80495,214681.2,16.32342,467.26425,-0.0002741825,0.56737906,0.00045156284,20.735224,-11.741582,-14.06308,-20.951706,-34.015514,-15.789207,-39.40443,8.27687,9.104823,7.187018,-8.813445,13.917325,14.971011,-1.1300094,116_216_21_1_20250116_102716_muscle_board.wav
0 days 00:00:02.333333333,0 days 00:00:02.300000,0.0,0.0,0.0,0.0,0.0,-64.76272,0.17379807,1.0044292,0.0015092652,0.029024944,0.13319808,0.28063777,0.43401018,0.5628379,0.6757324,0.83857197,0.92082757,0.9200377,0.99769527,1.0715431,1.1177831,1.1576298,1.2293516,1.3073895,1.3864431,1.4057169,1.3941497,1.4477615,1.4711294,1.4252573,1.3436493,1.2335874,1.104105,0.9120233,0.7430188,0.6010749,0.0011863327,4.4700642e-05,531.15765,545.51324,559.86884,717.7806,0.02810675,602.57135,2.9737637,173412.52,18.269163,665.9588,-0.00039470146,0.6146686,0.0006512382,23.943281,-14.245892,-18.604006,-23.913748,-36.069798,-6.626138,-33.113903,16.703531,12.160098,8.844012,-10.811447,1.0752798,12.164253,0.6217696,116_216_21_1_20250116_102716_muscle_board.wav
0 days 00:00:02.366666667,0 days 00:00:02.333333333,198.26003,0.7517422,0.038438074,0.026123885,0.19147225,-64.76272,0.18863027,0.99561805,0.0019163598,0.03378685,0.13066652,0.27299872,0.42323402,0.5612655,0.6917329,0.8051812,0.8742896,0.88397044,0.9974623,1.0610956,1.1078867,1.1443106,1.246288,1.3181782,1.341515,1.3847475,1.3935789,1.4390703,1.4534496,1.4288126,1.357807,1.2413639,1.084408,0.9018925,0.74313146,0.59773403,0.0013456461,5.9084876e-05,602.9357,617.2913,638.82477,681.8916,0.030563837,645.25305,3.16679,84729.086,21.472292,875.8733,-0.0004825984,0.66166717,0.0007082014,26.60464,-17.285591,-22.929146,-25.420944,-35.367493,-4.256495,-26.847725,26.013031,19.629045,13.533839,-5.4544926,-7.4461236,4.1869025,-2.2057235,116_216_21_1_20250116_102716_muscle_board.wav
0 days 00:00:02.400000,0 days 00:00:02.366666667,0.0,0.0,0.0,0.0,0.0,-28.229568,0.20383203,0.9904511,0.0025239957,0.033106577,0.125341,0.265654,0.42600706,0.55871344,0.6825936,0.7589421,0.82575744,0.8984006,0.9848303,1.0295429,1.0918232,1.1532767,1.2402841,1.3023067,1.3134457,1.3719654,1.4256898,1.4659519,1.455568,1.4268526,1.3784704,1.2565556,1.0880401,0.909266,0.72701365,0.58943796,0.0025221643,6.362769e-05,610.1135,617.2913,638.82477,681.89154,0.035816442,640.39874,2.9950392,60482.395,29.99614,1798.8057,-0.0009700251,0.66031367,0.0013795585,27.091522,-18.931368,-26.313105,-27.923744,-35.260117,-8.038072,-21.390146,25.8883,20.272608,7.8448944,-6.181862,-11.453315,0.5381222,-4.6513543,116_216_21_1_20250116_102716_muscle_board.wav
0 days 00:00:02.433333333,0 days 00:00:02.400000,209.78331,0.7855957,0.029466491,0.022929352,0.20521738,-63.466846,0.1796454,0.9786269,0.0023404008,0.03356009,0.12721926,0.27055818,0.42481673,0.54977626,0.6633921,0.7161207,0.80152607,0.9101481,0.9567303,1.0300475,1.0882822,1.145908,1.1973534,1.2553052,1.3127255,1.3748393,1.4405872,1.4533523,1.4464062,1.4249545,1.3717451,1.2302984,1.0597061,0.89001256,0.72082204,0.5816674,0.0018960023,5.6222863e-05,610.1135,617.2913,653.18036,818.26984,0.05004097,676.39014,3.3028805,150720.0,27.350264,1571.8076,-0.0007740876,0.6840997,0.0010509928,26.665222,-20.780317,-22.97547,-25.680456,-26.809,-7.093183,-16.086723,20.538668,18.40874,7.0163054,-5.049108,-16.974075,-1.9110265,-6.892032,116_216_21_1_20250116_102716_muscle_board.wav
0 days 00:00:02.466666667,0 days 00:00:02.433333333,0.0,0.0,0.0,0.0,0.0,-63.466846,0.17516796,0.9876366,0.0021932314,0.029024944,0.13137175,0.29273912,0.43332455,0.5570955,0.67973596,0.764643,0.8303904,0.9332369,0.97601956,1.057507,1.1101047,1.1717107,1.2167419,1.259376,1.328216,1.3887678,1.4226623,1.4428644,1.4387995,1.4361129,1.3499994,1.2191964,1.0515252,0.8745971,0.721618,0.5901964,0.001796443,6.162561e-05,588.5801,595.7579,638.82477,882.8701,0.047819603,657.6455,3.5279458,178096.75,25.210587,1448.811,-0.0007194428,0.6619854,0.0010297267,30.25647,-19.636759,-19.577124,-22.08056,-19.461987,-9.240129,-12.0503845,13.032417,10.842488,2.5397866,-10.987552,-23.506052,-6.469316,-12.182834,116_216_21_1_20250116_102716_muscle_board.wav
0 days 00:00:02.500000,0 days 00:00:02.466666667,0.0,0.0,0.0,0.0,0.0,-63.359055,0.18029313,1.0058159,0.0026316307,0.022675738,0.13101019,0.30532834,0.44535017,0.5911523,0.72360533,0.7776351,0.8600531,0.95836544,1.0028902,1.0621955,1.1244593,1.1855863,1.2219927,1.2672219,1.3464915,1.3906069,1.4401785,1.4492179,1.4795583,1.4454145,1.388914,1.2382911,1.0637215,0.89103,0.74723816,0.61370355,0.001691449,7.235361e-05,452.2018,466.5574,502.4464,811.0921,0.062881924,534.9644,3.5300438,179523.11,17.680202,842.8289,-0.0011833381,0.5376604,0.0020391752,35.511524,-13.122809,-10.966683,-15.987063,-9.98558,-8.802652,-17.643047,-1.588446,-8.094349,1.3381821,-18.177176,-30.72273,-7.1771636,-14.725178,116_216_21_1_20250116_102716_muscle_board.wav
0 days 00:00:02.533333332,0 days 00:00:02.500000,239.40768,0.7716421,0.017910045,0.017652653,0.12874869,-28.26677,0.28862867,1.0316464,0.0052308473,0.017687075,0.13033463,0.28234473,0.4344944,0.59179,0.7040022,0.80430555,0.9168656,0.9673009,1.0408713,1.0751749,1.1472825,1.1839175,1.2400068,1.3035116,1.3543581,1.3990121,1.4890603,1.5550337,1.5596341,1.4826965,1.4096661,1.2845101,1.1152123,0.942535,0.7790317,0.62985474,0.009180651,0.00038565116,330.17908,351.71252,437.8462,681.8916,0.08142031,415.5244,3.264098,94716.06,17.85746,978.219,-0.004529021,0.42930278,0.0069301687,38.38003,-6.412569,-9.624522,-20.924204,-9.343332,-7.020345,-22.499939,-15.301983,-17.496378,-11.667455,-28.096731,-33.125477,-14.799039,-18.14987,116_216_21_1_20250116_102716_muscle_board.wav
0 days 00:00:02.566666667,0 days 00:00:02.533333332,242.30823,0.80409604,0.014199153,0.014472723,0.11763585,7.9748816,0.6293515,1.0421911,0.012803529,0.020861678,0.12820633,0.2466635,0.40192363,0.5539425,0.66506255,0.8085904,0.9570677,0.9864544,1.0690845,1.1213843,1.1867636,1.181324,1.2567049,1.3160764,1.3667425,1.4123083,1.505558,1.621308,1.6032432,1.5318589,1.4327041,1.275952,1.1087121,0.9574346,0.7842546,0.6176452,0.012533977,0.042121697,394.77933,423.49057,567.0467,803.9143,0.25884178,512.7068,3.0162628,63192.074,14.88044,860.3579,-0.036878694,0.51091975,0.063780986,35.377354,-8.8106165,-14.10717,-39.862278,-6.823448,11.467834,-29.726786,-22.847305,-22.054365,-18.77305,-25.148691,-36.474483,-16.711287,-19.11318,116_216_21_1_20250116_102716_muscle_board.wav
0 days 00:00:02.600000,0 days 00:00:02.566666667,250.2889,0.8186417,0.015159915,0.013551444,0.1399796,5.5735927,0.7557605,0.97695875,0.01511424,0.03197279,0.13097395,0.24512972,0.38138413,0.5217614,0.6315186,0.7569019,0.8464772,0.8998583,0.9975832,1.0824133,1.1116414,1.1578356,1.2069821,1.2619166,1.3062172,1.3507255,1.38684,1.4570622,1.4529308,1.4429172,1.3216819,1.1998652,1.048511,0.89110416,0.7335318,0.5771658,0.0136778625,0.051709842,574.2245,674.7138,832.6255,1012.0706,0.3874062,715.28516,3.630104,81940.0,7.7896385,325.90976,-0.040235404,0.6915763,0.06835034,32.962006,-10.383087,-23.893965,-50.102688,-0.99522847,24.701471,-29.97663,-28.024887,-17.460524,-23.091623,-11.68309,-30.071938,-16.577112,-19.339005,116_216_21_1_20250116_102716_muscle_board.wav
0 days 00:00:02.633333333,0 days 00:00:02.600000,249.344,0.81897265,0.013978351,0.010159721,0.14595048,4.437954,0.7090469,0.9289301,0.012919462,0.054195013,0.12957846,0.26058114,0.3878735,0.5146937,0.62040204,0.7293145,0.7744095,0.83494854,0.8981428,0.9722391,1.0246925,1.121564,1.1848112,1.2348976,1.2757565,1.3203183,1.3064822,1.3050358,1.3150584,1.3367162,1.249765,1.177021,1.04166,0.8581209,0.7001886,0.5779116,0.0062965206,0.051784318,739.314,911.58136,1019.24854,1169.9824,0.40780973,915.6181,4.0800633,261012.11,5.302852,108.32782,-0.037141714,0.8594753,0.06383552,26.472239,-10.009317,-31.100199,-48.087967,2.5313497,31.45221,-24.149775,-24.242683,-9.476073,-15.432897,1.6875228,-24.792137,-13.244977,-14.382043,116_216_21_1_20250116_102716_muscle_board.wav
0 days 00:00:02.666666667,0 days 00:00:02.633333333,249.96136,0.793957,0.017578842,0.01118315,0.1712206,-31.803696,0.38437068,0.93516654,0.005230047,0.13106577,0.123687565,0.27517647,0.42413378,0.54330784,0.63178724,0.7154431,0.7659467,0.8245325,0.8695812,0.92312306,0.99104327,1.1108655,1.1815108,1.2298522,1.2836955,1.3443602,1.3525547,1.3254759,1.3319179,1.3077836,1.2819862,1.1915542,1.0617014,0.88118774,0.7280662,0.6140551,0.0028052523,0.010092291,832.6255,2849.589,3560.1917,3710.9258,0.23953305,2352.2654,5.3229833,4839191.5,3.3612125,69.6721,-0.0047811433,1.8548108,0.0070218667,19.023855,1.8607699,-35.875305,-25.510414,-4.467894,22.0134,-20.45276,-30.675726,-6.1603656,-16.70875,1.1458908,-17.117506,-12.690099,-11.73433,116_216_21_1_20250116_102716_muscle_board.wav
0 days 00:00:02.700000,0 days 00:00:02.666666667,0.0,0.0,0.0,0.0,0.0,-66.04335,0.22630988,0.9823963,0.0017560836,0.2356009,0.124478996,0.27874216,0.43851152,0.5525188,0.6487902,0.75195336,0.83978367,0.9176405,0.96429366,1.0136317,1.077696,1.1409305,1.2012393,1.2685925,1.3130803,1.3723053,1.435124,1.4679714,1.4552708,1.4056116,1.3452648,1.2141389,1.0588264,0.89399886,0.7416895,0.6202174,0.00024905626,0.00048766623,3093.6345,5132.1313,6151.3804,6747.138,0.08740258,4541.1914,6.379448,7667873.5,2.049198,28.981215,-0.000371761,3.4053586,0.00064103404,8.876805,8.223401,-39.58063,-9.900523,-13.793228,27.152288,-17.228226,-25.423761,-1.7828712,-17.34219,-4.00703,-14.377468,-16.99179,-8.702136,116_216_21_1_20250116_102716_muscle_board.wav
0 days 00:00:02.733333333,0 days 00:00:02.700000,0.0,0.0,0.0,0.0,0.0,-100.0,0.15891813,1.0211138,0.0011698218,0.3181406,0.13203432,0.28049353,0.43789637,0.55927914,0.68791753,0.7724402,0.8954847,0.98585224,1.0454997,1.1044227,1.1721301,1.1996131,1.2334812,1.2856096,1.3539915,1.4172515,1.475634,1.5303081,1.5489792,1.5135908,1.4303833,1.2336354,1.0451866,0.88395077,0.7371749,0.5867161,6.800062e-05,9.1004804e-05,5146.487,7371.607,8663.612,9338.325,0.031381663,6650.431,7.276057,9303716.0,-1.0079688,4.00957,-0.000106080726,4.878836,0.00026606253,3.3394597,13.9287615,-41.05355,5.3122344,-17.331797,28.9608,-18.345163,-26.599924,-4.5100026,-20.414387,-11.286941,-15.318779,-14.3221655,-7.027048,116_216_21_1_20250116_102716_muscle_board.wav
0 days 00:00:02.766666667,0 days 00:00:02.733333333,0.0,0.0,0.0,0.0,0.0,-66.20084,0.22918062,1.0547508,0.002504593,0.24784581,0.13999172,0.3056995,0.45732296,0.6318641,0.79211235,0.88725775,0.9594968,1.0344386,1.0926164,1.161562,1.2245437,1.2989064,1.2905107,1.3273127,1.3847475,1.4372816,1.5114511,1.5353864,1.5610148,1.5685021,1.4518503,1.2816843,1.0384196,0.8446648,0.677885,0.5269976,0.004096256,0.00042321184,4952.686,5376.177,6000.646,6661.004,0.056957364,5119.3315,6.3115044,4732406.5,1.775053,75.99636,-0.0014271862,3.8066518,0.0019799632,12.935706,7.134287,-33.464603,-6.7705936,-14.934638,22.411985,-24.924362,-18.649996,2.8630981,-9.919978,-18.09904,-16.376572,-10.695912,-4.7786584,116_216_21_1_20250116_102716_muscle_board.wav
0 days 00:00:02.800000,0 days 00:00:02.766666667,187.14806,0.7928702,0.026784921,0.012823246,0.13592146,-30.032553,0.3290495,1.0509027,0.0037786055,0.13696145,0.13834745,0.29573223,0.4380318,0.6182314,0.7715576,0.88013226,0.942698,1.0108072,1.0776621,1.1513416,1.2067684,1.2241944,1.2812792,1.3261867,1.3891593,1.4560589,1.5254449,1.5370563,1.579126,1.5566597,1.4461077,1.3027248,1.0586005,0.8705416,0.69059443,0.5484219,0.007095853,0.0011460969,2612.7214,2942.9004,3301.7908,3617.6143,0.09340925,2856.3225,5.28908,1906936.4,4.2333665,132.19911,-0.0028043461,2.1980433,0.0040688063,24.149607,-0.81903774,-22.618425,-24.831032,-11.143636,15.475345,-28.545214,-18.554388,2.9758275,3.0605211,-17.278765,-14.205335,-4.3074737,-5.6495132,116_216_21_1_20250116_102716_muscle_board.wav
0 days 00:00:02.833333333,0 days 00:00:02.800000,177.67085,0.7939624,0.024169656,0.013003722,0.11267978,6.1651263,0.3898283,0.9921562,0.0046832743,0.035600908,0.12870218,0.2749186,0.42512438,0.56106293,0.6968744,0.7955489,0.8567175,0.9249985,1.0159603,1.0698643,1.0895585,1.1219182,1.1970421,1.2588242,1.3052753,1.3728606,1.4226832,1.4449849,1.4698931,1.4259499,1.3478667,1.2258205,1.0851388,0.9195098,0.7481594,0.61079997,0.008729066,0.0012125102,473.73523,545.51324,660.35815,933.1148,0.12607585,619.71356,4.1539207,84778.04,8.237881,304.81253,-0.0034321342,0.63000697,0.005185533,37.732826,-6.468796,-14.277836,-46.983936,-10.82785,13.903958,-30.270414,-15.097888,6.114996,11.817128,-14.540996,-9.534978,-1.2618443,-9.19057,116_216_21_1_20250116_102716_muscle_board.wav
0 days 00:00:02.866666667,0 days 00:00:02.833333333,163.93593,0.7996538,0.016445203,0.008801849,0.08444655,9.646417,0.33430395,0.9351304,0.0038989277,0.025396826,0.1247893,0.25241974,0.40041563,0.5007999,0.6022511,0.690156,0.7794718,0.8663725,0.9314683,0.9629629,1.0092442,1.0482823,1.1341658,1.2102655,1.2560958,1.2848415,1.3135029,1.3651338,1.366929,1.3237706,1.278636,1.1791276,1.0853806,0.93376607,0.77410764,0.6390357,0.0058411513,0.0008214782,488.09082,516.802,710.6028,933.11475,0.09266919,612.6313,4.061411,67878.96,8.625661,435.00488,-0.002576785,0.62650055,0.004264202,41.138504,-2.537729,-10.794243,-52.0571,-10.978803,20.032686,-18.849728,-12.048721,0.73150206,10.707382,-9.179622,-2.3325775,2.823862,-8.891753,116_216_21_1_20250116_102716_muscle_board.wav
0 days 00:00:02.900000,0 days 00:00:02.866666667,161.43416,0.79961675,0.013045217,0.009703732,0.0840334,10.34484,0.26249894,0.95323926,0.0031277842,0.025170067,0.124215156,0.25808182,0.4062735,0.5332749,0.60852605,0.69768304,0.78629684,0.8677594,0.91501755,0.9724367,1.0400587,1.1185352,1.1822004,1.2441741,1.2952689,1.3090652,1.3276563,1.3770437,1.3647819,1.3639883,1.3136111,1.2086552,1.1014105,0.9396158,0.7900152,0.63857895,0.0035396768,0.00010630732,437.8462,502.44644,746.4919,868.51447,0.06373448,584.7732,3.940471,55804.28,9.276083,541.6787,-0.0015358267,0.60386354,0.0027657396,43.748367,4.4001794,-11.156608,-50.66731,-12.547578,19.553667,-12.191711,-7.3315983,-3.0401535,2.7421305,-8.690347,0.8125259,7.594855,-7.706263,116_216_21_1_20250116_102716_muscle_board.wav
0 days 00:00:02.933333333,0 days 00:00:02.900000,162.79297,0.80135167,0.01009826,0.007873263,0.092951894,-25.852839,0.20212764,0.99324864,0.0023657174,0.023809522,0.12641005,0.28069416,0.42622724,0.5628725,0.6552078,0.7618235,0.8499341,0.90259093,0.954936,1.0440115,1.1185706,1.2124637,1.2443839,1.2996485,1.3596555,1.3773308,1.3941976,1.4496927,1.4303147,1.4386787,1.3579077,1.2432957,1.0869904,0.90507156,0.7412501,0.6003054,0.0019438225,3.837826e-05,337.3569,401.95715,710.6028,796.7365,0.041222397,505.31714,3.895424,69064.086,11.767288,668.0323,-0.0009702433,0.522744,0.0017113119,44.4688,10.023181,-10.157292,-41.56458,-9.853826,15.817119,-1.7250124,-4.018145,-10.174565,-6.2089195,-10.578374,-3.0193036,3.0984218,-7.257406,116_216_21_1_20250116_102716_muscle_board.wav
0 days 00:00:02.966666667,0 days 00:00:02.933333333,0.0,0.0,0.0,0.0,0.0,-63.13328,0.13876666,0.99117166,0.0016079679,0.024943313,0.12935278,0.2726687,0.4133303,0.5366373,0.6559562,0.7616618,0.8306901,0.88159156,0.96220654,1.0526229,1.1255757,1.183895,1.2249056,1.2802405,1.3470899,1.4080606,1.437292,1.4709004,1.4762578,1.4346666,1.3575574,1.2401408,1.0746826,0.8916767,0.72835463,0.5924512,0.00075573364,2.6069909e-05,229.6898,294.29007,617.2913,746.4919,0.04005089,417.21497,3.8454416,129267.13,16.645422,742.9631,-0.0004531572,0.43127808,0.00079000444,42.166782,14.089374,-7.8366475,-28.828054,-6.798963,15.861419,4.9049306,-1.672506,-7.7776814,-8.831792,-8.685439,-5.0987,-1.6416057,-7.3568134,116_216_21_1_20250116_102716_muscle_board.wav
0 days 00:00:03,0 days 00:00:02.966666667,0.0,0.0,0.0,0.0,0.0,-100.0,0.08044505,0.9902355,0.00078729633,0.026303856,0.12621626,0.26353505,0.40902218,0.55150694,0.67163664,0.758029,0.8266433,0.88958615,0.97606415,1.0351714,1.1186494,1.1782823,1.219119,1.2592481,1.3194617,1.3900055,1.4617907,1.4777031,1.4907236,1.4443178,1.3623136,1.2349149,1.0671571,0.89335555,0.7312791,0.5903895,5.4854765e-05,4.216781e-06,172.26735,200.97858,459.37955,681.89154,0.026676973,348.93973,3.8380473,360673.47,19.349882,681.8847,-9.3472736e-05,0.35565612,0.0001234224,36.680763,15.47289,-5.001508,-15.975553,-3.6403875,12.018708,5.9591694,-5.963429,-7.4337287,-13.900737,-9.711341,-8.981426,-5.816993,-5.9509377,116_216_21_1_20250116_102716_muscle_board.wav
0 days 00:00:03.033333333,0 days 00:00:03,0.0,0.0,0.0,0.0,0.0,-100.0,0.056166824,1.0073313,0.00042208555,0.046031747,0.126747,0.26740056,0.4163849,0.5750711,0.6902757,0.7821286,0.8512227,0.9388757,0.9977444,1.0572058,1.1339818,1.1634156,1.2320737,1.276554,1.3338264,1.3999492,1.4974818,1.500465,1.5164171,1.4771119,1.404316,1.2614169,1.0642048,0.8994808,0.73393494,0.5929253,1.5239373e-05,8.001513e-07,172.26735,200.97858,358.8903,631.647,0.010976921,369.21567,3.8872461,922840.2,16.836878,422.4015,-1.8872006e-05,0.35741663,2.1369191e-05,29.787476,14.266095,-0.6766446,-11.024335,-3.8333538,11.545939,1.6359223,-11.686101,-3.534605,-12.948392,-9.228681,-7.9332194,-6.250715,-6.7108417,116_216_21_1_20250116_102716_muscle_board.wav
0 days 00:00:03.066666667,0 days 00:00:03.033333333,0.0,0.0,0.0,0.0,0.0,-100.0,0.046765704,1.0104223,0.00021857176,0.06462585,0.13089198,0.26928395,0.4184723,0.5804563,0.70103127,0.78876275,0.87837553,0.9811754,1.0208129,1.0805839,1.1238922,1.1681496,1.241454,1.288395,1.3328397,1.4076,1.465835,1.4703469,1.4909447,1.482715,1.3964866,1.249873,1.0682508,0.90015095,0.73736715,0.5968347,6.4351116e-06,5.46836e-07,150.73393,265.57883,466.55737,717.7806,0.005116734,524.7559,4.3107266,2198419.0,11.050766,162.43756,-6.272034e-06,0.4674468,9.422694e-06,23.423203,10.782841,-1.6625534,-9.478337,-4.9263306,9.0769,-1.2839612,-17.370596,-6.0980206,-15.721703,-9.67423,-7.129938,1.1439524,-2.6285002,116_216_21_1_20250116_102716_muscle_board.wav
0 days 00:00:03.100000,0 days 00:00:03.066666667,0.0,0.0,0.0,0.0,0.0,-100.0,0.042711392,0.99111336,0.00015220673,0.08344671,0.13540138,0.2777525,0.4232594,0.5619256,0.6812965,0.78069615,0.88256794,0.9500907,1.008602,1.070694,1.0896379,1.1650754,1.2176275,1.2883248,1.3306396,1.373865,1.3837757,1.425878,1.440087,1.4406681,1.3557373,1.2260525,1.0603648,0.87994266,0.72557,0.593414,2.659657e-06,5.181811e-07,136.37831,301.46786,588.5801,875.6924,0.0027083403,678.84406,4.8110623,3674111.0,7.671065,73.459984,-3.2084702e-06,0.57076365,3.880549e-06,19.979475,8.587161,-1.5893955,-8.429126,-4.1707726,11.0621,-0.57076216,-13.73911,-6.2649536,-11.885593,-6.105932,-3.1612482,3.1533813,-0.75267464,116_216_21_1_20250116_102716_muscle_board.wav
0 days 00:00:03.133333333,0 days 00:00:03.100000,0.0,0.0,0.0,0.0,0.0,-100.0,0.04050767,0.9807262,0.000128577,0.07800454,0.1347996,0.28050515,0.42436504,0.5510173,0.6797409,0.783081,0.8648701,0.91252476,0.9806444,1.0420023,1.096826,1.1612408,1.1960526,1.2776262,1.3170815,1.345038,1.372475,1.4154526,1.4388052,1.4107302,1.3335873,1.230233,1.0614877,0.8761013,0.72575516,0.586837,2.0642249e-06,5.221754e-07,93.311485,337.3569,717.7806,1069.4932,0.0021278874,821.2138,5.303032,4924212.5,6.118164,44.981388,-1.7529159e-06,0.66991335,1.6669311e-06,18.13256,7.2288613,-4.7557397,-7.4313335,-2.4836447,7.5506845,-0.58638364,-10.694915,-5.031424,-8.031854,-1.5609188,-1.0344229,4.0249066,4.1368756,116_216_21_1_20250116_102716_muscle_board.wav
0 days 00:00:03.166666667,0 days 00:00:03.133333333,0.0,0.0,0.0,0.0,0.0,-100.0,0.039693404,0.98147875,0.000114171205,0.08344672,0.12920389,0.2795912,0.42736673,0.55783254,0.6623699,0.77106243,0.84374994,0.89425343,0.9742511,1.0226239,1.1016808,1.1526009,1.2039272,1.2688366,1.3243332,1.3530263,1.3864197,1.4279724,1.4465322,1.4000964,1.3449869,1.2323546,1.0696958,0.9111366,0.74118346,0.5913581,1.7527085e-06,5.1130434e-07,71.77806,287.11224,667.53595,1421.2057,0.001436609,895.2974,5.4095397,5748552.5,5.39908,36.156776,-1.5438295e-06,0.7057478,1.2477334e-06,16.473263,8.905368,-6.441562,-3.2556791,-1.0665826,5.599153,-0.3214027,-7.5536766,-2.717137,-5.8611465,4.2300544,-2.3017902,-1.1528339,3.1074421,116_216_21_1_20250116_102716_muscle_board.wav
0 days 00:00:03.200000,0 days 00:00:03.166666667,0.0,0.0,0.0,0.0,0.0,-100.0,0.042317748,0.9863419,0.00014379341,0.073696144,0.12825888,0.28213608,0.44228745,0.55814236,0.6727378,0.76950437,0.834155,0.9166798,0.97984165,1.0301213,1.0945668,1.1412165,1.209737,1.2479175,1.3153082,1.3840345,1.4337034,1.4573697,1.4583057,1.4121227,1.3670034,1.2197837,1.068803,0.9064255,0.7283396,0.5863854,5.3579292e-06,6.008277e-07,100.48929,265.57883,523.97986,1213.0492,0.0021259005,756.65314,4.9651904,4470678.5,7.37706,78.2498,-3.1819789e-06,0.6107475,3.1061627e-06,17.669756,11.346368,-5.811934,-3.5134506,-0.7543114,2.3902206,-1.9240667,-13.735208,-2.6372285,-7.54096,2.836231,-6.931587,-3.4933023,0.67175406,116_216_21_1_20250116_102716_muscle_board.wav
0 days 00:00:03.233333333,0 days 00:00:03.200000,0.0,0.0,0.0,0.0,0.0,-100.0,0.055064242,0.99190325,0.00034549166,0.060317457,0.12625076,0.26907906,0.42522553,0.57308346,0.71826476,0.79346997,0.8479659,0.93682796,0.9952362,1.0446881,1.0811486,1.1503474,1.2281984,1.2591534,1.3340478,1.4143642,1.4514456,1.4673082,1.4434953,1.4384114,1.361782,1.2032641,1.052904,0.87498903,0.71578044,0.5827532,0.00012548605,8.243431e-07,229.6898,315.82346,466.55737,983.3594,0.0076763346,629.20886,3.888484,2657451.2,19.9532,814.92377,-3.563178e-05,0.5529935,5.8415088e-05,21.549332,10.861518,-4.960325,-10.340873,-13.591264,-5.3487363,-7.5132446,-18.097698,-4.7592835,-2.0895193,7.742878,-3.3115702,0.5645428,-3.4223983,116_216_21_1_20250116_102716_muscle_board.wav
0 days 00:00:03.266666667,0 days 00:00:03.233333333,0.0,0.0,0.0,0.0,0.0,-100.0,0.07378864,0.99388677,0.0005253987,0.036507934,0.12701426,0.27036318,0.4126866,0.5632587,0.68825144,0.7917567,0.8917733,0.9293042,0.9764762,1.0423849,1.0865194,1.1539438,1.2227362,1.3017145,1.3695654,1.3945041,1.4388084,1.4644284,1.4496773,1.4513702,1.3590981,1.2152249,1.0496968,0.8690586,0.727084,0.59435755,0.00022282219,1.2769425e-06,380.4237,437.8462,452.20178,538.33545,0.01369414,482.2976,3.2248414,519367.97,29.681,1336.2627,-6.587299e-05,0.49518466,9.996487e-05,26.802162,8.683693,-3.0619411,-19.94194,-29.56933,-13.19125,-8.49507,-14.942619,-7.615402,2.150905,4.909578,-8.82982,-4.30646,-8.3580675,116_216_21_1_20250116_102716_muscle_board.wav
0 days 00:00:03.300000,0 days 00:00:03.266666667,0.0,0.0,0.0,0.0,0.0,-100.0,0.08597646,0.98556465,0.00059691624,0.033106577,0.12883464,0.2673801,0.4015971,0.5319502,0.6327898,0.7455533,0.8643549,0.92479295,0.96335346,1.0255512,1.1020094,1.158075,1.2344002,1.3075752,1.333737,1.3528088,1.3999776,1.4272398,1.4625292,1.4328213,1.3404146,1.2526206,1.0824084,0.90441537,0.7457113,0.6017775,0.00024531342,1.727319e-06,495.26865,559.86884,574.2245,624.4692,0.015841724,551.8708,3.2278998,193657.5,31.999994,1437.1034,-7.394559e-05,0.57565314,0.000111876514,28.014618,4.629017,-6.14969,-24.36953,-40.546947,-18.834093,-2.997424,-2.9978762,-5.533684,1.0626678,3.9253445,-9.125024,-7.146063,-9.746764,116_216_21_1_20250116_102716_muscle_board.wav
0 days 00:00:03.333333333,0 days 00:00:03.300000,0.0,0.0,0.0,0.0,0.0,-100.0,0.083905704,0.97414327,0.0004344343,0.046712022,0.13369161,0.2653284,0.40699652,0.52001685,0.60118157,0.6883766,0.7962062,0.89702535,0.9711773,1.0421766,1.1075797,1.1566666,1.2129915,1.2673905,1.2802793,1.331862,1.3897448,1.4269997,1.4666419,1.4065427,1.3445641,1.2452784,1.0834249,0.93040484,0.7510016,0.60417604,0.00012902994,2.4420515e-06,437.84616,588.5801,667.53595,811.0921,0.0125425,638.36456,4.383803,726309.44,20.439472,720.42316,-4.3838703e-05,0.6276078,5.9184837e-05,26.071146,2.6412106,-6.785273,-18.755709,-33.650253,-8.145029,4.739202,3.0890267,-5.215384,-7.895633,-1.7458812,-12.862882,-10.537945,-10.528988,116_216_21_1_20250116_102716_muscle_board.wav
0 days 00:00:03.366666667,0 days 00:00:03.333333333,0.0,0.0,0.0,0.0,0.0,-100.0,0.07270444,0.9711179,0.0002831734,0.05668934,0.13121538,0.26991737,0.4220082,0.54477215,0.6460304,0.69718724,0.7671969,0.87636274,0.9674317,1.0555215,1.1090168,1.1610996,1.1820631,1.2104639,1.2760674,1.3366017,1.4043072,1.4365333,1.4502596,1.4209175,1.3603948,1.2414447,1.0727402,0.89946723,0.72496676,0.5850777,3.370293e-05,2.8034974e-06,358.8903,495.26865,710.6028,990.5373,0.0071818545,688.6735,5.097555,1404527.1,11.853673,217.6579,-1.4797045e-05,0.6375659,1.9134392e-05,22.778542,1.1323245,-5.552803,-12.6350565,-17.093212,0.5548487,4.3184896,-3.440656,-8.158788,-13.288684,-4.939596,-8.550384,-7.044904,-6.961811,116_216_21_1_20250116_102716_muscle_board.wav
0 days 00:00:03.400000,0 days 00:00:03.366666667,0.0,0.0,0.0,0.0,0.0,-100.0,0.06672304,0.9847434,0.00020789735,0.0723356,0.12821214,0.26549438,0.4119065,0.5617065,0.7076023,0.780817,0.81861144,0.88927,0.97979456,1.0390459,1.0979457,1.1568252,1.1754459,1.2271397,1.3103285,1.3829554,1.4253902,1.473539,1.4487785,1.4411817,1.3669175,1.230112,1.0613697,0.89876026,0.7356282,0.5885516,8.252382e-06,3.2345688e-06,244.04541,531.15765,825.44775,1715.4957,0.0046983007,860.624,5.8073006,2640534.2,7.156822,71.386925,-5.987964e-06,0.72829145,6.1598307e-06,18.775534,1.7086741,-3.4415786,-10.243083,-7.2763543,14.048007,0.8605733,-13.112599,-5.075498,-10.588254,-0.5018719,-4.335279,0.60813236,-5.923174,116_216_21_1_20250116_102716_muscle_board.wav
0 days 00:00:03.433333333,0 days 00:00:03.400000,0.0,0.0,0.0,0.0,0.0,-100.0,0.092785336,1.0237783,0.00036924446,0.07981859,0.12521876,0.2736925,0.4265605,0.58083385,0.72912127,0.85619956,0.9251272,0.9460516,1.0027041,1.0493511,1.1082097,1.1921738,1.2567333,1.3132716,1.389326,1.4569454,1.4680036,1.5022703,1.5004743,1.4916359,1.3879131,1.2504859,1.0873696,0.91666204,0.76064616,0.6212514,3.810191e-05,1.4360863e-05,301.46786,552.6911,897.22577,2246.6533,0.00555879,985.627,5.941152,2910819.0,5.8486047,49.835247,-1.8316363e-05,0.81147385,1.8382849e-05,15.235904,-0.37848392,-4.8904123,-14.658409,-11.372283,13.821918,-7.403313,-16.520782,-3.381216,-7.596681,-1.8331944,-4.60113,4.758388,-4.1410995,116_216_21_1_20250116_102716_muscle_board.wav
0 days 00:00:03.466666667,0 days 00:00:03.433333333,0.0,0.0,0.0,0.0,0.0,-100.0,0.17147887,1.0366402,0.0017637839,0.06553288,0.12887461,0.2969689,0.46990776,0.60389495,0.7209098,0.8608265,0.9161406,0.962231,1.0023885,1.0657076,1.134662,1.1959707,1.3328805,1.4149523,1.4397539,1.4518366,1.4562813,1.4914778,1.5141706,1.5067316,1.3859177,1.2498157,1.0935588,0.90541744,0.74103063,0.61033577,0.003559076,0.00010100293,308.64566,531.15765,739.31396,1952.3633,0.040572885,848.4617,4.8725204,2227487.5,7.2034526,121.85675,-0.0011484309,0.71022886,0.0019267966,17.42029,-2.4519346,2.1630774,-12.7109375,-18.584276,4.500317,-18.973207,-16.98934,-8.923093,-15.398952,0.56205446,-9.352394,-1.814928,-11.505878,116_216_21_1_20250116_102716_muscle_board.wav
0 days 00:00:03.500000,0 days 00:00:03.466666667,0.0,0.7625178,0.0,0.0,0.0,-100.0,0.328324,1.0227159,0.0033849727,0.048526075,0.13064145,0.2910529,0.45931068,0.58115745,0.6824536,0.7908395,0.8747757,0.9252474,0.9826557,1.0620251,1.1416005,1.1904138,1.3048073,1.3990479,1.4359566,1.4405149,1.4776031,1.4693321,1.4937392,1.4704212,1.4065356,1.255247,1.0840083,0.90240335,0.7375073,0.6013133,0.007039473,0.0014884273,315.8235,380.42374,969.00385,1708.3179,0.058906466,738.6296,4.1246943,1158883.1,6.3143826,115.567665,-0.0024883177,0.6226298,0.0040858756,16.821,-9.873499,10.640805,-7.3711586,-28.419653,-13.935782,-29.123976,-16.902922,-20.832289,-19.7713,-6.437186,-19.587702,-10.868739,-18.8221,116_216_21_1_20250116_102716_muscle_board.wav
0 days 00:00:03.533333332,0 days 00:00:03.500000,0.0,0.73901606,0.0,0.0,0.0,-100.0,0.45238742,0.9771921,0.0041470327,0.04512472,0.12892367,0.26641878,0.40905818,0.53226817,0.6380467,0.7206743,0.8364106,0.89892006,0.9663308,1.0427184,1.1041801,1.1505721,1.1886969,1.260774,1.311845,1.3562087,1.4158134,1.4191223,1.4354401,1.3985592,1.3699003,1.2545052,1.0830296,0.8929179,0.73914105,0.58651894,0.007865212,0.0024585805,272.75662,567.0467,1457.0947,1772.9181,0.08239695,841.6425,4.1554337,843977.3,5.3616366,108.66457,-0.0029536572,0.66021466,0.0046904455,15.042275,-14.053333,16.452316,-3.0249312,-27.703959,-23.112259,-31.361067,-19.735548,-24.122492,-21.365286,-7.3057723,-24.821608,-19.064508,-24.893898,116_216_21_1_20250116_102716_muscle_board.wav
0 days 00:00:03.566666667,0 days 00:00:03.533333332,0.0,0.7266157,0.0,0.0,0.0,-100.0,0.45397964,0.93179816,0.0031669103,0.068253964,0.12709858,0.24249057,0.36225578,0.49079958,0.61658937,0.6865755,0.80273515,0.90693825,0.96827555,1.010853,1.048914,1.1096367,1.0973648,1.1313243,1.1908468,1.2838776,1.3337377,1.3815988,1.3808289,1.3287796,1.2901435,1.2022376,1.0468292,0.87792945,0.7272602,0.58083194,0.0044041877,0.0025640598,445.02402,940.29266,2131.8083,2677.3215,0.06489975,1293.7524,5.6323047,1431710.5,2.2811122,15.547496,-0.0018934169,0.9542413,0.0028668158,8.045152,-19.305838,9.989472,-3.5839624,-25.016146,-18.209814,-25.767054,-20.229712,-19.708029,-15.331505,-12.319058,-23.306772,-14.740378,-17.54434,116_216_21_1_20250116_102716_muscle_board.wav
0 days 00:00:03.600000,0 days 00:00:03.566666667,0.0,0.0,0.0,0.0,0.0,-100.0,0.33904716,0.93236685,0.0016968889,0.08752835,0.12674096,0.25275436,0.37662366,0.5130349,0.6348777,0.7078921,0.81498414,0.9037319,0.96597195,0.9942469,1.0227896,1.1049527,1.122604,1.1628617,1.2397373,1.2644172,1.3167282,1.3813077,1.389483,1.3549241,1.2801808,1.1733073,1.0189248,0.84613687,0.69814044,0.5741843,0.0009261823,0.001232706,811.0921,1528.8727,2497.8765,3079.279,0.05317481,1731.9115,6.4593167,1725656.5,2.6862113,20.764277,-0.0005686656,1.224792,0.000731356,4.6612415,-20.992598,5.506933,-7.8108616,-16.295782,-9.19967,-16.404783,-12.829605,-13.641006,-12.07795,-9.274224,-13.6751175,-12.388859,-6.496727,116_216_21_1_20250116_102716_muscle_board.wav
0 days 00:00:03.633333333,0 days 00:00:03.600000,0.0,0.0,0.0,0.0,0.0,-100.0,0.21688043,0.9673428,0.00086394435,0.09024943,0.13235867,0.28378347,0.42773995,0.56133574,0.6662736,0.7804201,0.829103,0.90378374,0.95793945,1.0043675,1.0790515,1.1085752,1.2151488,1.2978631,1.3245306,1.31603,1.3680964,1.4142967,1.4260713,1.410202,1.323024,1.1750529,1.0145304,0.86452436,0.6976178,0.56919223,6.998092e-05,0.0002867229,1112.5599,1772.9181,2361.4983,3093.6345,0.02957119,1864.3744,6.4471855,1660777.0,3.450243,30.241049,-9.957628e-05,1.3229059,0.00012509698,4.5253563,-22.445824,3.9365609,-6.0144496,-10.015214,-4.0798793,-6.7147427,1.1200603,-10.827344,-12.3815565,-6.780104,-7.3913608,-11.311508,-0.014395316,116_216_21_1_20250116_102716_muscle_board.wav
0 days 00:00:03.666666667,0 days 00:00:03.633333333,0.0,0.0,0.0,0.0,0.0,-100.0,0.15496923,1.0141764,0.0005033826,0.09160998,0.13107248,0.2874535,0.45857987,0.5959201,0.69937235,0.81180936,0.85446686,0.9137957,0.99535036,1.0700009,1.1372677,1.1781257,1.2752541,1.3483454,1.3681854,1.4227806,1.4559517,1.4572164,1.4757599,1.4583513,1.392691,1.2393274,1.0731684,0.92114383,0.7438914,0.6033035,1.1586749e-05,0.000107680076,1112.5599,1744.207,2232.2976,2784.989,0.0133424895,1794.5751,6.2127786,1572393.0,4.1840425,40.527206,-3.3576e-05,1.29388,4.553489e-05,6.4816856,-21.079214,3.1221259,-4.503266,-4.025767,-4.743653,-2.9541924,5.978594,-12.906003,-13.048032,-1.049274,0.6300234,-10.611278,1.8031887,116_216_21_1_20250116_102716_muscle_board.wav
0 days 00:00:03.700000,0 days 00:00:03.666666667,0.0,0.0,0.0,0.0,0.0,-100.0,0.12557794,1.026328,0.0003971169,0.0814059,0.12974408,0.28634396,0.45939496,0.59533256,0.717721,0.8241105,0.8799538,0.92526937,1.0127748,1.1134917,1.1635944,1.2228357,1.276596,1.3017049,1.3418394,1.4566299,1.4644648,1.4731239,1.478107,1.4676641,1.3968214,1.2643349,1.1145428,0.9350746,0.7697343,0.61332315,1.190612e-05,6.0014045e-05,818.26984,1457.0946,1772.9181,2289.7202,0.0075376513,1472.5195,6.165178,1425495.6,5.352234,58.612793,-2.1556009e-05,1.1277076,2.6037509e-05,11.493276,-18.19275,-2.5388834,-0.61195755,-0.70388955,-9.098588,-4.8760295,3.785601,-11.2429285,-9.764787,0.30999175,-0.6653363,-9.89117,-1.899649,116_216_21_1_20250116_102716_muscle_board.wav
0 days 00:00:03.733333333,0 days 00:00:03.700000,0.0,0.0,0.0,0.0,0.0,-100.0,0.104238726,1.0123738,0.00032589145,0.07800454,0.12848875,0.27932012,0.43772173,0.567922,0.67237645,0.779017,0.8762525,0.9427893,0.9964686,1.0734847,1.1192092,1.2021507,1.2562113,1.2636919,1.3434178,1.4233651,1.4570503,1.4837557,1.4814862,1.4733471,1.385928,1.2654918,1.1133889,0.9259426,0.7651858,0.6082549,1.0301855e-05,2.7673925e-05,531.15765,1076.671,1564.7617,1945.1855,0.0056746886,1240.8912,6.2001863,1658475.0,6.0106645,64.74665,-1.3265802e-05,0.9952385,1.5749765e-05,14.173907,-13.406669,-6.418066,0.3950601,4.7465267,-10.79086,-2.917579,0.2509831,-11.414772,-14.706883,-3.8170135,-3.5597394,-7.8254313,-4.389358,116_216_21_1_20250116_102716_muscle_board.wav
0 days 00:00:03.766666667,0 days 00:00:03.733333333,0.0,0.0,0.0,0.0,0.0,-100.0,0.0946543,1.0052689,0.00028853223,0.07959184,0.13066106,0.27190974,0.41188285,0.5519035,0.6623164,0.7546051,0.8592408,0.91490364,0.9764826,1.0323445,1.0868591,1.1624411,1.2174381,1.26035,1.3587211,1.3993806,1.4818978,1.5251495,1.5235912,1.4775797,1.3905678,1.2795658,1.1201268,0.92154914,0.7605036,0.60501945,9.997238e-06,1.6280623e-05,366.0681,796.7365,1349.4276,2469.1653,0.0046118484,1187.536,6.3360906,2610324.8,5.6002336,55.474182,-1.036839e-05,0.9524506,1.1559677e-05,14.149803,-6.864798,-6.6467423,0.37937024,6.206672,-10.379243,-1.2864722,-6.4609985,-0.8268973,-14.214526,-5.348472,-5.996359,-6.7722263,-5.9792943,116_216_21_1_20250116_102716_muscle_board.wav
0 days 00:00:03.800000,0 days 00:00:03.766666667,0.0,0.0,0.0,0.0,0.0,-100.0,0.094238006,1.0043181,0.00031192484,0.07845805,0.13368912,0.2743349,0.42101088,0.5644167,0.6908123,0.7727894,0.8405145,0.9226728,0.979054,1.0261369,1.0954252,1.1476282,1.2236949,1.3032498,1.3558089,1.4026357,1.460835,1.4932289,1.5100026,1.4563116,1.379447,1.2673416,1.098084,0.92456895,0.7528973,0.6156823,3.4971312e-05,8.717471e-06,294.29004,502.4464,1019.2485,2124.6306,0.0054670903,1012.1916,5.900224,2768671.8,5.1276116,41.788822,-1.7460696e-05,0.8167379,1.5734675e-05,13.817655,3.6660469,-4.0517488,2.3011994,4.5382504,-11.648647,2.0042458,-11.580129,2.5938308,-20.067068,-5.25565,-2.1802218,-2.7521908,-5.0820165,116_216_21_1_20250116_102716_muscle_board.wav
0 days 00:00:03.833333333,0 days 00:00:03.800000,0.0,0.0,0.0,0.0,0.0,-100.0,0.09370836,0.9908472,0.0003326783,0.08503401,0.12981158,0.26817504,0.41806355,0.56038344,0.6874965,0.7544734,0.815155,0.91995525,0.97915864,1.0376662,1.1138798,1.1605865,1.1970825,1.2983944,1.3336643,1.386881,1.4180218,1.453299,1.4685291,1.4459424,1.365399,1.2512368,1.0711725,0.8967541,0.72652125,0.6043248,4.060243e-05,5.9807285e-06,244.04541,366.0681,832.6255,3244.3684,0.00614365,1105.6837,5.7633934,3895670.8,3.903762,25.447844,-1.8688324e-05,0.8538138,1.7355951e-05,11.817291,12.002364,-0.4315237,3.1368752,4.44884,-13.051646,-0.4425234,-24.066727,7.0076866,-15.760913,-1.7889308,3.0462577,0.8242133,1.4106277,116_216_21_1_20250116_102716_muscle_board.wav
0 days 00:00:03.866666667,0 days 00:00:03.833333333,0.0,0.0,0.0,0.0,0.0,-100.0,0.09502191,0.982699,0.00035686127,0.09433106,0.12607798,0.26563978,0.40724722,0.54123974,0.66560537,0.76326674,0.85309976,0.9273041,0.97796106,1.0520856,1.1203164,1.1733972,1.1982406,1.2919717,1.341929,1.3674879,1.3963584,1.4268051,1.4326617,1.4334221,1.3648804,1.2114857,1.0344996,0.87235385,0.7164671,0.5883705,4.7279773e-05,4.5897764e-06,251.22322,337.3569,646.0025,3854.4817,0.006239937,1138.5647,5.503416,4482975.5,3.597933,22.12037,-2.087121e-05,0.8764465,2.0180256e-05,11.29429,17.126509,-0.03753364,2.4536133,1.584684,-14.443198,2.210874,-23.67306,4.357338,-13.135285,0.5538475,3.10802,3.0205781,4.422308,116_216_21_1_20250116_102716_muscle_board.wav
0 days 00:00:03.900000,0 days 00:00:03.866666667,0.0,0.0,0.0,0.0,0.0,-100.0,0.0931904,0.98333997,0.0003149323,0.12902494,0.12628089,0.26227275,0.40435362,0.5225095,0.63699347,0.77094847,0.87268543,0.93768066,0.98139554,1.048771,1.1004186,1.1666301,1.2243994,1.2880092,1.3298993,1.3560997,1.4106363,1.4359813,1.4463142,1.4282423,1.3693981,1.2113876,1.047383,0.87972957,0.72225314,0.5861664,2.2180126e-05,3.9400857e-06,279.93445,495.26865,2304.0757,5491.0215,0.0055055465,1800.4674,6.1335607,6837772.0,2.2301126,9.72665,-1.2547582e-05,1.3084425,1.5347698e-05,7.472631,17.058275,-1.3270892,-1.9691467,1.5062418,-11.45248,7.5224013,-20.169825,10.484223,-6.1627765,0.5383635,2.1405776,2.1055229,6.9465604,116_216_21_1_20250116_102716_muscle_board.wav
0 days 00:00:03.933333333,0 days 00:00:03.900000,0.0,0.0,0.0,0.0,0.0,-100.0,0.09337178,0.9846284,0.00028238437,0.15124716,0.12757526,0.2688259,0.41698447,0.5400903,0.6567115,0.7732685,0.8562016,0.9058177,0.98476416,1.0367755,1.0976475,1.1649667,1.2287396,1.253416,1.325328,1.358111,1.4299713,1.4488856,1.4512281,1.4207999,1.3567549,1.2243029,1.0635992,0.8852225,0.735806,0.58854127,1.7958773e-05,3.733269e-06,323.00128,610.1135,3753.9924,5914.512,0.0044348747,2224.4763,6.594509,8217772.0,1.8445681,7.691447,-1.070043e-05,1.5917653,1.3353267e-05,5.7363734,17.585869,-2.5731516,-5.5170913,-2.8181288,-10.308553,11.028457,-13.97512,12.279538,-0.82125473,-1.8066002,-1.3566674,1.3230327,4.1611714,116_216_21_1_20250116_102716_muscle_board.wav
0 days 00:00:03.966666667,0 days 00:00:03.933333333,0.0,0.0,0.0,0.0,0.0,-100.0,0.09239179,0.98485994,0.0002570618,0.16848071,0.12901078,0.2781296,0.43035397,0.5680719,0.6783411,0.7553745,0.8341424,0.8911877,0.9989991,1.0400883,1.099928,1.1520025,1.23927,1.2687081,1.3148298,1.3711706,1.4048697,1.4345857,1.4448532,1.412506,1.3312092,1.2311591,1.0717868,0.9000466,0.736558,0.5891733,1.0320859e-05,3.7521984e-06,351.71252,1406.85,5311.5767,6172.9136,0.004447453,2806.7405,6.9798417,9066529.0,1.2097971,5.1566405,-8.224058e-06,1.9598325,1.0940702e-05,3.1759164,16.946037,-3.272938,-5.4208817,-2.5090957,-9.947891,12.298038,-17.113394,14.503873,-0.24096744,-1.8591241,-0.41813788,0.33827868,2.519717,116_216_21_1_20250116_102716_muscle_board.wav
0 days 00:00:04,0 days 00:00:03.966666667,0.0,0.0,0.0,0.0,0.0,-100.0,0.08792055,0.98129296,0.00024020998,0.17687075,0.12933815,0.27273813,0.41860235,0.5652178,0.6715503,0.73846704,0.8096011,0.8934223,0.98757344,1.0493557,1.1050857,1.1463834,1.2181836,1.2757937,1.298371,1.365005,1.3975897,1.431044,1.4600558,1.4252472,1.3245486,1.2391739,1.0720134,0.89535904,0.7326893,0.5912059,7.913399e-06,3.493549e-06,380.4237,2741.9219,5397.7104,6474.381,0.0038226834,3153.0027,7.174267,9384237.0,1.0429232,4.9247975,-6.5591826e-06,2.1812685,8.639214e-06,1.200812,16.447283,-3.6324043,-3.4910164,-1.3738003,-9.013753,8.7268915,-20.191067,9.905622,-0.77094746,1.6943196,4.0620036,0.8230748,1.1630315,116_216_21_1_20250116_102716_muscle_board.wav
0 days 00:00:04.033333333,0 days 00:00:04,0.0,0.0,0.0,0.0,0.0,-100.0,0.084960185,0.9848086,0.0002299577,0.18662131,0.1287342,0.27217758,0.42054394,0.5687892,0.6796024,0.7632785,0.8452397,0.91830987,0.9745149,1.0528797,1.0982796,1.1547107,1.1985437,1.2812032,1.32005,1.3677772,1.3866051,1.4484963,1.4518051,1.4233208,1.3462511,1.2211505,1.0670959,0.898215,0.7252683,0.5921814,7.445933e-06,3.4201003e-06,401.95715,2899.8337,5476.666,6345.18,0.0037730148,3240.6414,7.0192857,9312027.0,0.98398614,4.9557714,-5.9862673e-06,2.2329443,8.611586e-06,0.34302035,14.970168,-4.757652,-2.837018,-1.5744143,-11.587729,4.6184754,-28.090696,6.6803813,-4.613916,7.5088406,7.070511,-2.6766188,2.6085575,116_216_21_1_20250116_102716_muscle_board.wav
0 days 00:00:04.066666667,0 days 00:00:04.033333333,0.0,0.0,0.0,0.0,0.0,-100.0,0.082343996,0.9903671,0.00021727226,0.19387756,0.1302856,0.2718813,0.42061958,0.55200094,0.6689313,0.7910736,0.8615909,0.9341242,0.95653147,1.0425329,1.0905383,1.160067,1.2156929,1.2735509,1.3347987,1.3743314,1.4279891,1.4502316,1.4548806,1.4453357,1.3767332,1.2210016,1.0631125,0.89971083,0.73674697,0.59525037,6.626251e-06,3.5337869e-06,401.95715,2828.0557,5656.1113,6467.203,0.0033861585,3307.4978,7.2049165,9960267.0,1.0563015,5.0523095,-5.0935255e-06,2.2879636,7.5396006e-06,-0.5770877,13.562394,-4.3556447,-2.7906055,-4.521982,-12.45235,0.35190263,-24.301056,4.0038414,-3.3738797,11.576472,5.8725166,-3.2487156,-2.412547,116_216_21_1_20250116_102716_muscle_board.wav
0 days 00:00:04.100000,0 days 00:00:04.066666667,0.0,0.0,0.0,0.0,0.0,-100.0,0.08099218,0.9893934,0.00020662155,0.18979591,0.13312504,0.27511808,0.42323932,0.55218655,0.6621282,0.77528405,0.8617177,0.93363357,0.96781176,1.0325855,1.0992681,1.1548955,1.2119805,1.2413489,1.3363034,1.378436,1.4413157,1.4582206,1.443687,1.4298466,1.3751822,1.236231,1.0710436,0.8948953,0.74209744,0.59264797,6.711159e-06,3.6479116e-06,380.42374,2182.053,5598.689,6395.4253,0.0030602822,3172.7783,7.1465054,9773996.0,1.1145526,5.169554,-4.8906895e-06,2.1968267,6.9442744e-06,-0.023207307,13.21566,-2.8546517,-2.827852,-5.892591,-11.4449005,1.13108,-28.82099,5.072841,-3.188922,11.0033455,2.4456074,-5.6770234,-2.313174,116_216_21_1_20250116_102716_muscle_board.wav
0 days 00:00:04.133333333,0 days 00:00:04.100000,0.0,0.0,0.0,0.0,0.0,-100.0,0.07816797,0.9866579,0.00019123846,0.17891157,0.13061222,0.27471524,0.4169505,0.5532512,0.66552,0.7489789,0.8511443,0.9211814,1.0103904,1.0370818,1.1036868,1.1570148,1.2250433,1.2458001,1.3103243,1.3813605,1.4074516,1.4376651,1.4550128,1.4140682,1.35611,1.2428404,1.0860071,0.8936228,0.7331753,0.5940978,5.1350157e-06,3.5242613e-06,366.0681,2131.8083,5548.444,6409.781,0.0027867146,3066.1729,7.1822515,9645224.0,1.2032013,5.445675,-4.1979742e-06,2.1292708,5.720656e-06,0.2156197,12.114512,-3.845808,-2.661399,-4.21477,-8.3148365,2.0799923,-26.728338,2.2359943,-4.2583466,9.247422,2.8741007,-3.22729,-3.3964567,116_216_21_1_20250116_102716_muscle_board.wav
0 days 00:00:04.166666667,0 days 00:00:04.133333333,0.0,0.0,0.0,0.0,0.0,-100.0,0.07223899,0.98001385,0.0001850263,0.15668935,0.1290401,0.27168444,0.41391635,0.5491875,0.6733939,0.75831574,0.83344984,0.92242366,1.0020587,1.0186752,1.0964803,1.1608888,1.2013965,1.2563596,1.2823652,1.3589343,1.3843399,1.4179844,1.4535764,1.4217428,1.3451821,1.2348047,1.082805,0.8886113,0.7272474,0.5954953,4.748703e-06,2.5646607e-06,344.53467,1528.8727,5354.643,6180.0913,0.0025720124,2783.004,6.895109,8994545.0,1.3387414,6.0801167,-3.7733828e-06,1.934755,4.724589e-06,1.9064523,13.664101,-5.6090946,-4.4979205,-0.6761295,-6.6369243,4.2327733,-29.897636,3.70271,-6.5976615,5.1703,3.7302825,-1.5584478,3.6338189,116_216_21_1_20250116_102716_muscle_board.wav
0 days 00:00:04.200000,0 days 00:00:04.166666667,0.0,0.0,0.0,0.0,0.0,-100.0,0.06993474,0.9884079,0.0001830606,0.15623583,0.12829071,0.27215478,0.42185068,0.5537805,0.67971283,0.7735999,0.8460086,0.90127045,0.96790594,1.0354208,1.0887352,1.1669699,1.1968195,1.2826346,1.331062,1.3672181,1.4123273,1.4543118,1.4555794,1.4448037,1.3628324,1.2336669,1.0795425,0.9098947,0.7386155,0.5935974,4.6980354e-06,2.047582e-06,323.0013,1536.0504,5347.4653,6129.846,0.0025353616,2774.116,6.767203,9044497.0,1.3109013,6.003208,-3.627445e-06,1.9283725,4.672577e-06,2.1096554,14.617484,-5.8446507,-5.2466745,-0.13817991,-8.936497,3.5497773,-27.915321,3.5099277,-8.482879,6.008879,1.3728012,-0.63815963,2.1170204,116_216_21_1_20250116_102716_muscle_board.wav
0 days 00:00:04.233333333,0 days 00:00:04.200000,0.0,0.0,0.0,0.0,0.0,-100.0,0.072752915,1.0001287,0.00020040137,0.17210884,0.13041909,0.26741824,0.41714552,0.55371267,0.6779426,0.7784297,0.84235924,0.8935938,0.96074253,1.0537637,1.0963696,1.1611876,1.222191,1.3130755,1.3778177,1.3979927,1.4592501,1.4673257,1.4725603,1.4609307,1.3836646,1.2483176,1.0739098,0.9201297,0.76284766,0.6102507,5.535578e-06,2.0138066e-06,344.53467,2928.545,5519.733,6338.0024,0.0026849313,3196.826,6.8035927,9275456.0,1.01641,5.2369914,-4.178264e-06,2.2071502,5.575483e-06,0.36691284,16.285961,-5.0198607,-2.850858,-3.602183,-11.829284,4.31732,-28.131226,5.5625987,-3.4857686,11.602875,2.0657043,1.0404935,3.9478061,116_216_21_1_20250116_102716_muscle_board.wav
0 days 00:00:04.266666667,0 days 00:00:04.233333333,0.0,0.0,0.0,0.0,0.0,-100.0,0.076167114,0.9950957,0.00020327659,0.19047618,0.12770125,0.26980755,0.41580907,0.5506882,0.66367847,0.762842,0.8449354,0.92065144,0.97399396,1.049997,1.1109768,1.1610975,1.2433449,1.292792,1.3636603,1.3908683,1.4364644,1.4658643,1.4598523,1.4314274,1.3656349,1.2496281,1.074854,0.9023711,0.7418696,0.6016775,4.8847696e-06,2.4165013e-06,473.7352,4428.7065,5569.978,6531.803,0.002950174,3681.787,6.9666524,9124449.0,0.7203889,4.673967,-4.2250263e-06,2.520346,5.8967557e-06,-1.9976624,14.118077,-5.199452,-0.03791392,-6.19628,-17.616991,5.3277583,-24.852987,4.8540163,-4.1411023,11.85891,0.43939796,-1.1679221,1.0487657,116_216_21_1_20250116_102716_muscle_board.wav
0 days 00:00:04.300000,0 days 00:00:04.266666667,0.0,0.0,0.0,0.0,0.0,-100.0,0.12177131,1.0206196,0.00034055536,0.19705214,0.12943205,0.27572107,0.42031226,0.5557081,0.67069745,0.7779072,0.8897116,0.9688007,1.0206553,1.1014905,1.1742606,1.2142841,1.2699319,1.3127617,1.3626913,1.412263,1.4480972,1.510821,1.5302426,1.4840751,1.4168891,1.2609196,1.0691756,0.90961695,0.7416485,0.60799575,7.9923475e-06,4.1023155e-05,796.7365,4557.9067,5706.3555,6840.449,0.0070377663,3876.5322,7.2925973,8946381.0,0.8041687,4.7189426,-2.0788095e-05,2.6626823,2.5233805e-05,-4.8174496,7.1886296,-8.621701,-1.7816586,-4.5624137,-15.288586,2.6564865,-17.233627,6.175838,0.96065235,13.669116,-3.4896946,-3.7547348,2.7286923,116_216_21_1_20250116_102716_muscle_board.wav
0 days 00:00:04.333333333,0 days 00:00:04.300000,0.0,0.0,0.0,0.0,0.0,-100.0,0.16467153,1.0475451,0.0004643191,0.19501133,0.13662115,0.28363517,0.43888262,0.5491151,0.6729695,0.8043084,0.9374769,1.0146546,1.0341414,1.1514372,1.2278194,1.2805283,1.2832316,1.3431262,1.3709761,1.4186488,1.4842342,1.5612673,1.5845156,1.5477711,1.4776659,1.2796164,1.0719951,0.9311867,0.750504,0.59984165,1.0239441e-05,7.941451e-05,1083.8488,3911.9043,5735.067,7012.717,0.010925338,3856.8538,7.6147513,8674788.0,0.9897396,4.998063,-3.6880654e-05,2.655829,4.382085e-05,-6.134514,0.35933653,-11.232961,-4.6497116,0.74188536,-12.392215,1.0082597,-8.233727,9.076304,2.2660239,11.81483,-11.197183,-7.5212054,0.7576788,116_216_21_1_20250116_102716_muscle_board.wav
0 days 00:00:04.342131519,0 days 00:00:04.300000,0.0,0.0,0.0,0.0,0.0,-100.0,0.20984732,1.0903881,0.00060002564,0.2,0.14708447,0.28617653,0.44976008,0.55400294,0.69003457,0.8324154,0.993455,1.0252723,1.0585173,1.2306179,1.2789816,1.3361479,1.3132938,1.4019471,1.4269031,1.4768425,1.5519818,1.6494938,1.6750265,1.6266094,1.5595546,1.323757,1.0866534,0.9740432,0.78478116,0.61673576,1.4007944e-05,0.00011788557,1270.4717,3251.5461,5857.09,7256.762,0.014803332,3809.1553,7.8999496,8862364.0,1.1707913,4.958314,-5.3664862e-05,2.6402397,6.347566e-05,-7.580335,-4.3856754,-12.682816,-7.362903,4.3530803,-6.100966,-1.2052498,-1.9505544,12.621631,8.842068,16.169239,-14.576001,-8.962577,1.1379637,116_216_21_1_20250116_102716_muscle_board.wav
